sexo,edad,rango_edad,nivel_parentesco_jefe_hogar,demografia_sk
Mujer,43.0,31-60,Jefe(a) del hogar,1
Mujer,16.0,0-18,Hijo(a),2
Hombre,54.0,31-60,Jefe(a) del hogar,3
Mujer,50.0,31-60,Pareja,4
Hombre,24.0,19-30,Hijo(a),5
Mujer,24.0,19-30,Hijo(a),6
Hombre,1.0,0-18,Nieto(a),7
Mujer,57.0,31-60,Jefe(a) del hogar,8
Mujer,77.0,61+,Padre/Madre,9
Mujer,65.0,61+,Jefe(a) del hogar,10
Hombre,64.0,61+,Pareja,11
Mujer,45.0,31-60,Jefe(a) del hogar,12
Mujer,22.0,19-30,Hijo(a),13
Mujer,71.0,61+,Jefe(a) del hogar,14
Mujer,74.0,61+,Jefe(a) del hogar,15
Mujer,50.0,31-60,Jefe(a) del hogar,16
Mujer,27.0,19-30,Hijo(a),17
Mujer,26.0,19-30,Hijo(a),18
Mujer,19.0,19-30,Hijo(a),19
Mujer,14.0,0-18,Hijo(a),20
Mujer,33.0,31-60,Jefe(a) del hogar,21
Hombre,25.0,19-30,Jefe(a) del hogar,22
Mujer,24.0,19-30,Pareja,23
Hombre,7.0,0-18,Hijo(a),24
Hombre,3.0,0-18,Hijo(a),25
Mujer,63.0,61+,Jefe(a) del hogar,26
Mujer,96.0,61+,Padre/Madre,27
Mujer,66.0,61+,Jefe(a) del hogar,28
Mujer,29.0,19-30,Hijo(a),29
Mujer,13.0,0-18,Nieto(a),30
Hombre,40.0,31-60,Jefe(a) del hogar,31
Mujer,31.0,31-60,Pareja,32
Hombre,10.0,0-18,Hijo(a),33
Hombre,0.0,0-18,Hijo(a),34
Mujer,28.0,19-30,Jefe(a) del hogar,35
Hombre,40.0,31-60,Pareja,36
Hombre,27.0,19-30,Jefe(a) del hogar,37
Mujer,29.0,19-30,Pareja,38
Hombre,81.0,61+,Jefe(a) del hogar,39
Mujer,40.0,31-60,Jefe(a) del hogar,40
Hombre,16.0,0-18,Hijo(a),41
Hombre,46.0,31-60,Jefe(a) del hogar,42
Mujer,51.0,31-60,Jefe(a) del hogar,43
Mujer,23.0,19-30,Hijo(a),44
Hombre,5.0,0-18,Hijo(a),45
Mujer,85.0,61+,Padre/Madre,46
Hombre,56.0,31-60,Jefe(a) del hogar,47
Mujer,55.0,31-60,Pareja,48
Hombre,32.0,31-60,Hijo(a),49
Hombre,28.0,19-30,Hijo(a),50
Hombre,76.0,61+,Jefe(a) del hogar,51
Mujer,76.0,61+,Pareja,52
Hombre,19.0,19-30,Nieto(a),53
Hombre,32.0,31-60,Jefe(a) del hogar,54
Mujer,38.0,31-60,Hermano(a),55
Hombre,12.0,0-18,Otro pariente,56
Hombre,75.0,61+,Jefe(a) del hogar,57
Mujer,70.0,61+,Pareja,58
Hombre,37.0,31-60,Jefe(a) del hogar,59
Mujer,32.0,31-60,Pareja,60
Hombre,12.0,0-18,Hijo(a),61
Hombre,8.0,0-18,Hijo(a),62
Hombre,72.0,61+,Jefe(a) del hogar,63
Mujer,74.0,61+,Pareja,64
Mujer,37.0,31-60,Hijo(a),65
Hombre,31.0,31-60,Yerno/Nuera,66
Mujer,6.0,0-18,Nieto(a),67
Mujer,44.0,31-60,Jefe(a) del hogar,68
Hombre,20.0,19-30,Hijo(a),69
Mujer,13.0,0-18,Hijo(a),70
Mujer,69.0,61+,Jefe(a) del hogar,71
Mujer,71.0,61+,Hermano(a),72
Mujer,61.0,61+,Hermano(a),73
Hombre,26.0,19-30,Jefe(a) del hogar,74
Mujer,43.0,31-60,Pareja,75
Mujer,35.0,31-60,Jefe(a) del hogar,76
Hombre,15.0,0-18,Hijo(a),77
Mujer,6.0,0-18,Hijo(a),78
Hombre,4.0,0-18,Hijo(a),79
Mujer,54.0,31-60,Jefe(a) del hogar,80
Mujer,18.0,0-18,Hijo(a),81
Mujer,24.0,19-30,Jefe(a) del hogar,82
Mujer,38.0,31-60,Jefe(a) del hogar,83
Hombre,56.0,31-60,Pareja,84
Mujer,53.0,31-60,Jefe(a) del hogar,85
Hombre,62.0,61+,Pareja,86
Hombre,66.0,61+,Jefe(a) del hogar,87
Mujer,33.0,31-60,Pareja,88
Hombre,64.0,61+,Jefe(a) del hogar,89
Mujer,58.0,31-60,Pareja,90
Hombre,59.0,31-60,Jefe(a) del hogar,91
Hombre,13.0,0-18,Hijo(a),92
Mujer,70.0,61+,Jefe(a) del hogar,93
Hombre,85.0,61+,Otro no pariente,94
Mujer,93.0,61+,Padre/Madre,95
Hombre,62.0,61+,Jefe(a) del hogar,96
Mujer,63.0,61+,Pareja,97
Hombre,38.0,31-60,Jefe(a) del hogar,98
Hombre,11.0,0-18,Hijo(a),99
Hombre,6.0,0-18,Hijo(a),100
Mujer,49.0,31-60,Jefe(a) del hogar,101
Mujer,64.0,61+,Jefe(a) del hogar,102
Mujer,68.0,61+,Jefe(a) del hogar,103
Hombre,71.0,61+,Jefe(a) del hogar,104
Hombre,18.0,0-18,Otro pariente,105
Hombre,31.0,31-60,Hijo(a),106
Mujer,42.0,31-60,Jefe(a) del hogar,107
Mujer,64.0,61+,Padre/Madre,108
Mujer,39.0,31-60,Jefe(a) del hogar,109
Mujer,63.0,61+,Otro no pariente,110
Mujer,4.0,0-18,Hijo(a),111
Hombre,73.0,61+,Pareja,112
Mujer,81.0,61+,Jefe(a) del hogar,113
Hombre,28.0,19-30,Jefe(a) del hogar,114
Mujer,26.0,19-30,Pareja,115
Mujer,22.0,19-30,Pareja,116
Mujer,5.0,0-18,Hijo(a),117
Hombre,31.0,31-60,Jefe(a) del hogar,118
Hombre,58.0,31-60,Jefe(a) del hogar,119
Mujer,54.0,31-60,Pareja,120
Hombre,26.0,19-30,Hijo(a),121
Hombre,21.0,19-30,Hijo(a),122
Hombre,42.0,31-60,Jefe(a) del hogar,123
Mujer,60.0,31-60,Pareja,124
Hombre,60.0,31-60,Jefe(a) del hogar,125
Hombre,73.0,61+,Jefe(a) del hogar,126
Mujer,67.0,61+,Pareja,127
Mujer,59.0,31-60,Pareja,128
Mujer,38.0,31-60,Hijo(a),129
Hombre,16.0,0-18,Nieto(a),130
Mujer,27.0,19-30,Pareja,131
Mujer,9.0,0-18,Hijo(a),132
Hombre,1.0,0-18,Hijo(a),133
Mujer,46.0,31-60,Jefe(a) del hogar,134
Mujer,25.0,19-30,Hijo(a),135
Hombre,61.0,61+,Jefe(a) del hogar,136
Mujer,47.0,31-60,Pareja,137
Hombre,27.0,19-30,Hijo(a),138
Mujer,76.0,61+,Suegro(a),139
Hombre,47.0,31-60,Jefe(a) del hogar,140
Mujer,38.0,31-60,Pareja,141
Hombre,78.0,61+,Jefe(a) del hogar,142
Mujer,68.0,61+,Pareja,143
Hombre,43.0,31-60,Hijo(a),144
Hombre,30.0,19-30,Jefe(a) del hogar,145
Mujer,7.0,0-18,Hijo(a),146
Mujer,0.0,0-18,Hijo(a),147
Mujer,53.0,31-60,Padre/Madre,148
Mujer,85.0,61+,Jefe(a) del hogar,149
Mujer,17.0,0-18,Hijo(a),150
Mujer,30.0,19-30,Pareja,151
Mujer,3.0,0-18,Hijo(a),152
Mujer,29.0,19-30,Jefe(a) del hogar,153
Mujer,36.0,31-60,Hermano(a),154
Mujer,46.0,31-60,Pareja,155
Mujer,2.0,0-18,Nieto(a),156
Hombre,39.0,31-60,Otro no pariente,157
Hombre,53.0,31-60,Jefe(a) del hogar,158
Hombre,14.0,0-18,Nieto(a),159
Mujer,51.0,31-60,Pareja,160
Mujer,62.0,61+,Pareja,161
Mujer,24.0,19-30,Otro no pariente,162
Mujer,36.0,31-60,Hijo(a),163
Mujer,20.0,19-30,Nieto(a),164
Mujer,9.0,0-18,Nieto(a),165
Hombre,22.0,19-30,Hijo(a),166
Hombre,19.0,19-30,Hijo(a),167
Mujer,12.0,0-18,Hijo(a),168
Mujer,40.0,31-60,Pareja,169
Mujer,32.0,31-60,Hijo(a),170
Hombre,5.0,0-18,Nieto(a),171
Mujer,1.0,0-18,Nieto(a),172
Hombre,30.0,19-30,Hijo(a),173
Mujer,28.0,19-30,Yerno/Nuera,174
Mujer,48.0,31-60,Jefe(a) del hogar,175
Mujer,27.0,19-30,Jefe(a) del hogar,176
Hombre,52.0,31-60,Jefe(a) del hogar,177
Mujer,21.0,19-30,Hijo(a),178
Mujer,10.0,0-18,Hijo(a),179
Hombre,77.0,61+,Jefe(a) del hogar,180
Mujer,77.0,61+,Pareja,181
Mujer,73.0,61+,Jefe(a) del hogar,182
Mujer,44.0,31-60,Pareja,183
Hombre,49.0,31-60,Pareja,184
Mujer,23.0,19-30,Jefe(a) del hogar,185
Mujer,2.0,0-18,Hijo(a),186
Mujer,60.0,31-60,Jefe(a) del hogar,187
Hombre,57.0,31-60,Pareja,188
Mujer,26.0,19-30,Jefe(a) del hogar,189
Mujer,76.0,61+,Jefe(a) del hogar,190
Mujer,53.0,31-60,Hijo(a),191
Hombre,24.0,19-30,Nieto(a),192
Hombre,48.0,31-60,Jefe(a) del hogar,193
Mujer,39.0,31-60,Pareja,194
Hombre,14.0,0-18,Hijo(a),195
Hombre,44.0,31-60,Jefe(a) del hogar,196
Hombre,23.0,19-30,Hijo(a),197
Hombre,83.0,61+,Jefe(a) del hogar,198
Mujer,80.0,61+,Pareja,199
Mujer,45.0,31-60,Pareja,200
Mujer,56.0,31-60,Pareja,201
Hombre,11.0,0-18,Nieto(a),202
Mujer,43.0,31-60,Hijo(a),203
Mujer,14.0,0-18,Nieto(a),204
Hombre,9.0,0-18,Nieto(a),205
Hombre,50.0,31-60,Jefe(a) del hogar,206
Mujer,20.0,19-30,Jefe(a) del hogar,207
Mujer,20.0,19-30,Hijo(a),208
Mujer,83.0,61+,Jefe(a) del hogar,209
Hombre,24.0,19-30,Pareja,210
Hombre,80.0,61+,Jefe(a) del hogar,211
Hombre,33.0,31-60,Pareja,212
Mujer,58.0,31-60,Jefe(a) del hogar,213
Hombre,60.0,31-60,Pareja,214
Hombre,29.0,19-30,Hijo(a),215
Hombre,69.0,61+,Jefe(a) del hogar,216
Mujer,64.0,61+,Pareja,217
Mujer,59.0,31-60,Jefe(a) del hogar,218
Hombre,20.0,19-30,Hermano(a),219
Hombre,18.0,0-18,Hermano(a),220
Mujer,61.0,61+,Jefe(a) del hogar,221
Mujer,37.0,31-60,Jefe(a) del hogar,222
Hombre,9.0,0-18,Hijo(a),223
Mujer,77.0,61+,Jefe(a) del hogar,224
Hombre,51.0,31-60,Hijo(a),225
Mujer,45.0,31-60,Hijo(a),226
Hombre,48.0,31-60,Hermano(a),227
Mujer,45.0,31-60,Hermano(a),228
Mujer,41.0,31-60,Pareja,229
Mujer,11.0,0-18,Hijo(a),230
Mujer,57.0,31-60,Pareja,231
Hombre,65.0,61+,Jefe(a) del hogar,232
Mujer,28.0,19-30,Hijo(a),233
Hombre,33.0,31-60,Hijo(a),234
Mujer,30.0,19-30,Yerno/Nuera,235
Hombre,10.0,0-18,Nieto(a),236
Hombre,25.0,19-30,Hijo(a),237
Mujer,48.0,31-60,Pareja,238
Hombre,39.0,31-60,Jefe(a) del hogar,239
Mujer,22.0,19-30,Jefe(a) del hogar,240
Hombre,34.0,31-60,Pareja,241
Hombre,49.0,31-60,Jefe(a) del hogar,242
Mujer,37.0,31-60,Pareja,243
Mujer,66.0,61+,Pareja,244
Mujer,78.0,61+,Padre/Madre,245
Hombre,57.0,31-60,Jefe(a) del hogar,246
Hombre,41.0,31-60,Jefe(a) del hogar,247
Mujer,28.0,19-30,Pareja,248
Mujer,61.0,61+,Pareja,249
Hombre,54.0,31-60,Pareja,250
Hombre,18.0,0-18,Hijo(a),251
Hombre,26.0,19-30,Yerno/Nuera,252
Mujer,17.0,0-18,Nieto(a),253
Mujer,67.0,61+,Jefe(a) del hogar,254
Mujer,33.0,31-60,Hijo(a),255
Hombre,29.0,19-30,Jefe(a) del hogar,256
Mujer,21.0,19-30,Pareja,257
Hombre,40.0,31-60,Hijo(a),258
Mujer,34.0,31-60,Hijo(a),259
Hombre,3.0,0-18,Nieto(a),260
Mujer,15.0,0-18,Hijo(a),261
Mujer,56.0,31-60,Padre/Madre,262
Mujer,7.0,0-18,Nieto(a),263
Mujer,2.0,0-18,Otro pariente,264
Hombre,68.0,61+,Jefe(a) del hogar,265
Hombre,17.0,0-18,Nieto(a),266
Mujer,78.0,61+,Jefe(a) del hogar,267
Mujer,41.0,31-60,Jefe(a) del hogar,268
Mujer,52.0,31-60,Jefe(a) del hogar,269
Hombre,46.0,31-60,Pareja,270
Hombre,29.0,19-30,Yerno/Nuera,271
Mujer,4.0,0-18,Nieto(a),272
Mujer,18.0,0-18,Jefe(a) del hogar,273
Hombre,20.0,19-30,Pareja,274
Mujer,76.0,61+,Padre/Madre,275
Hombre,66.0,61+,Hermano(a),276
Mujer,34.0,31-60,Jefe(a) del hogar,277
Mujer,56.0,31-60,Jefe(a) del hogar,278
Hombre,45.0,31-60,Jefe(a) del hogar,279
Hombre,43.0,31-60,Pareja,280
Hombre,20.0,19-30,Jefe(a) del hogar,281
Hombre,13.0,0-18,Hermano(a),282
Mujer,75.0,61+,Jefe(a) del hogar,283
Hombre,74.0,61+,Hermano(a),284
Mujer,31.0,31-60,Jefe(a) del hogar,285
Mujer,30.0,19-30,Jefe(a) del hogar,286
Mujer,65.0,61+,Pareja,287
Mujer,42.0,31-60,Pareja,288
Mujer,66.0,61+,Suegro(a),289
Mujer,72.0,61+,Jefe(a) del hogar,290
Hombre,41.0,31-60,Hijo(a),291
Mujer,12.0,0-18,Nieto(a),292
Mujer,5.0,0-18,Nieto(a),293
Mujer,27.0,19-30,Yerno/Nuera,294
Mujer,27.0,19-30,Nieto(a),295
Hombre,43.0,31-60,Jefe(a) del hogar,296
Hombre,97.0,61+,Otro pariente,297
Mujer,91.0,61+,Otro pariente,298
Hombre,12.0,0-18,Otro no pariente,299
Mujer,36.0,31-60,Pareja,300
Mujer,55.0,31-60,Jefe(a) del hogar,301
Mujer,35.0,31-60,Hijo(a),302
Hombre,12.0,0-18,Nieto(a),303
Hombre,17.0,0-18,Hijo(a),304
Hombre,55.0,31-60,Pareja,305
Mujer,30.0,19-30,Hijo(a),306
Hombre,13.0,0-18,Nieto(a),307
Hombre,70.0,61+,Pareja,308
Hombre,2.0,0-18,Hijo(a),309
Mujer,54.0,31-60,Suegro(a),310
Hombre,8.0,0-18,Otro pariente,311
Mujer,80.0,61+,Jefe(a) del hogar,312
Hombre,47.0,31-60,Hijo(a),313
Hombre,28.0,19-30,Pareja,314
Mujer,1.0,0-18,Hijo(a),315
Mujer,16.0,0-18,Nieto(a),316
Hombre,70.0,61+,Jefe(a) del hogar,317
Hombre,36.0,31-60,Jefe(a) del hogar,318
Hombre,71.0,61+,Otro no pariente,319
Hombre,34.0,31-60,Otro no pariente,320
Hombre,92.0,61+,Pareja,321
Mujer,62.0,61+,Jefe(a) del hogar,322
Hombre,51.0,31-60,Jefe(a) del hogar,323
Hombre,35.0,31-60,Jefe(a) del hogar,324
Hombre,57.0,31-60,Otro pariente,325
Mujer,49.0,31-60,Pareja,326
Hombre,40.0,31-60,Otro no pariente,327
Mujer,71.0,61+,Padre/Madre,328
Mujer,80.0,61+,Padre/Madre,329
Mujer,32.0,31-60,Jefe(a) del hogar,330
Mujer,8.0,0-18,Hijo(a),331
Hombre,55.0,31-60,Jefe(a) del hogar,332
Mujer,66.0,61+,Padre/Madre,333
Hombre,25.0,19-30,Pareja,334
Hombre,65.0,61+,Otro pariente,335
Hombre,45.0,31-60,Otro pariente,336
Mujer,10.0,0-18,Nieto(a),337
Hombre,83.0,61+,Pareja,338
Hombre,28.0,19-30,Nieto(a),339
Mujer,21.0,19-30,Otro pariente,340
Mujer,69.0,61+,Pareja,341
Mujer,23.0,19-30,Pareja,342
Mujer,21.0,19-30,Yerno/Nuera,343
Hombre,37.0,31-60,Pareja,344
Hombre,61.0,61+,Pareja,345
Hombre,35.0,31-60,Hijo(a),346
Hombre,60.0,31-60,Hermano(a),347
Hombre,34.0,31-60,Jefe(a) del hogar,348
Hombre,82.0,61+,Jefe(a) del hogar,349
Mujer,35.0,31-60,Pareja,350
Hombre,22.0,19-30,Jefe(a) del hogar,351
Mujer,19.0,19-30,Pareja,352
Mujer,82.0,61+,Otro pariente,353
Mujer,46.0,31-60,Hijo(a),354
Hombre,47.0,31-60,Yerno/Nuera,355
Mujer,21.0,19-30,Jefe(a) del hogar,356
Hombre,41.0,31-60,Pareja,357
Mujer,90.0,61+,Jefe(a) del hogar,358
Hombre,67.0,61+,Hijo(a),359
Hombre,59.0,31-60,Hijo(a),360
Hombre,38.0,31-60,Hijo(a),361
Mujer,75.0,61+,Pareja,362
Hombre,2.0,0-18,Otro pariente,363
Mujer,53.0,31-60,Pareja,364
Mujer,47.0,31-60,Jefe(a) del hogar,365
Hombre,33.0,31-60,Jefe(a) del hogar,366
Hombre,35.0,31-60,Pareja,367
Hombre,34.0,31-60,Hijo(a),368
Hombre,15.0,0-18,Nieto(a),369
Mujer,72.0,61+,Pareja,370
Mujer,89.0,61+,Padre/Madre,371
Hombre,81.0,61+,Otro no pariente,372
Mujer,32.0,31-60,Nieto(a),373
Hombre,63.0,61+,Jefe(a) del hogar,374
Mujer,17.0,0-18,Hermano(a),375
Hombre,67.0,61+,Jefe(a) del hogar,376
Mujer,24.0,19-30,Yerno/Nuera,377
Mujer,82.0,61+,Jefe(a) del hogar,378
Mujer,55.0,31-60,Padre/Madre,379
Hombre,56.0,31-60,Hijo(a),380
Mujer,34.0,31-60,Pareja,381
Hombre,31.0,31-60,Pareja,382
Mujer,30.0,19-30,Hermano(a),383
Hombre,6.0,0-18,Otro pariente,384
Mujer,26.0,19-30,Hermano(a),385
Hombre,37.0,31-60,Hijo(a),386
Hombre,4.0,0-18,Nieto(a),387
Mujer,88.0,61+,Jefe(a) del hogar,388
Mujer,48.0,31-60,Empleado doméstico,389
Mujer,92.0,61+,Suegro(a),390
Hombre,20.0,19-30,Otro no pariente,391
Mujer,40.0,31-60,Hijo(a),392
Mujer,87.0,61+,Jefe(a) del hogar,393
Mujer,63.0,61+,Padre/Madre,394
Hombre,46.0,31-60,Hijo(a),395
Mujer,69.0,61+,Padre/Madre,396
Mujer,25.0,19-30,Pareja,397
Hombre,79.0,61+,Jefe(a) del hogar,398
Hombre,8.0,0-18,Nieto(a),399
Mujer,0.0,0-18,Nieto(a),400
Hombre,0.0,0-18,Nieto(a),401
Mujer,11.0,0-18,Nieto(a),402
Mujer,52.0,31-60,Pareja,403
Mujer,25.0,19-30,Jefe(a) del hogar,404
Mujer,79.0,61+,Otro pariente,405
Hombre,29.0,19-30,Pareja,406
Mujer,17.0,0-18,Jefe(a) del hogar,407
Hombre,22.0,19-30,Pareja,408
Hombre,38.0,31-60,Pareja,409
Hombre,45.0,31-60,Pareja,410
Hombre,74.0,61+,Jefe(a) del hogar,411
Hombre,27.0,19-30,Pareja,412
Hombre,19.0,19-30,Hermano(a),413
Hombre,17.0,0-18,Hermano(a),414
Mujer,95.0,61+,Otro pariente,415
Hombre,51.0,31-60,Pareja,416
Hombre,85.0,61+,Jefe(a) del hogar,417
Mujer,91.0,61+,Hermano(a),418
Hombre,86.0,61+,Hermano(a),419
Hombre,80.0,61+,Hermano(a),420
Hombre,36.0,31-60,Hijo(a),421
Mujer,36.0,31-60,Jefe(a) del hogar,422
Mujer,92.0,61+,Padre/Madre,423
Mujer,60.0,31-60,Hermano(a),424
Mujer,48.0,31-60,Otro pariente,425
Mujer,67.0,61+,Hermano(a),426
Hombre,53.0,31-60,Pareja,427
Hombre,21.0,19-30,Nieto(a),428
Mujer,97.0,61+,Padre/Madre,429
Hombre,44.0,31-60,Pareja,430
Mujer,54.0,31-60,Hijo(a),431
Hombre,50.0,31-60,Hijo(a),432
Mujer,84.0,61+,Jefe(a) del hogar,433
Mujer,39.0,31-60,Hijo(a),434
Mujer,86.0,61+,Jefe(a) del hogar,435
Hombre,97.0,61+,Padre/Madre,436
Mujer,77.0,61+,Suegro(a),437
Hombre,62.0,61+,Padre/Madre,438
Mujer,19.0,19-30,Jefe(a) del hogar,439
Hombre,23.0,19-30,Nieto(a),440
Mujer,8.0,0-18,Nieto(a),441
Mujer,24.0,19-30,Hermano(a),442
Hombre,76.0,61+,Otro no pariente,443
Hombre,79.0,61+,Padre/Madre,444
Hombre,52.0,31-60,Hijo(a),445
Mujer,50.0,31-60,Hijo(a),446
Hombre,59.0,31-60,Yerno/Nuera,447
Hombre,44.0,31-60,Otro pariente,448
Hombre,26.0,19-30,Pareja,449
Mujer,13.0,0-18,Jefe(a) del hogar,450
Mujer,74.0,61+,Padre/Madre,451
Hombre,47.0,31-60,Pareja,452
Mujer,31.0,31-60,Hijo(a),453
Hombre,23.0,19-30,Pareja,454
Mujer,52.0,31-60,Padre/Madre,455
Hombre,58.0,31-60,Pareja,456
Mujer,25.0,19-30,Yerno/Nuera,457
Hombre,23.0,19-30,Jefe(a) del hogar,458
Mujer,17.0,0-18,Pareja,459
Hombre,36.0,31-60,Pareja,460
Hombre,60.0,31-60,Padre/Madre,461
Hombre,63.0,61+,Otro pariente,462
Hombre,25.0,19-30,Yerno/Nuera,463
Hombre,84.0,61+,Jefe(a) del hogar,464
Mujer,47.0,31-60,Hijo(a),465
Mujer,19.0,19-30,Nieto(a),466
Hombre,18.0,0-18,Nieto(a),467
Hombre,44.0,31-60,Hijo(a),468
Hombre,52.0,31-60,Padre/Madre,469
Hombre,21.0,19-30,Hermano(a),470
Mujer,94.0,61+,Jefe(a) del hogar,471
Mujer,59.0,31-60,Hijo(a),472
Mujer,43.0,31-60,Empleado doméstico,473
Mujer,71.0,61+,Pareja,474
Mujer,68.0,61+,Padre/Madre,475
Mujer,18.0,0-18,Nieto(a),476
Hombre,25.0,19-30,Trabajador,477
Hombre,18.0,0-18,Trabajador,478
Mujer,25.0,19-30,Hermano(a),479
Hombre,32.0,31-60,Pareja,480
Mujer,3.0,0-18,Nieto(a),481
Hombre,67.0,61+,Padre/Madre,482
Mujer,24.0,19-30,Otro pariente,483
Hombre,63.0,61+,Pareja,484
Mujer,26.0,19-30,Nieto(a),485
Mujer,1.0,0-18,Otro pariente,486
Hombre,21.0,19-30,Jefe(a) del hogar,487
Hombre,30.0,19-30,Pareja,488
Mujer,73.0,61+,Padre/Madre,489
Mujer,78.0,61+,Pareja,490
Hombre,24.0,19-30,Hermano(a),491
Hombre,67.0,61+,Pareja,492
Hombre,52.0,31-60,Pareja,493
Hombre,32.0,31-60,Otro pariente,494
Hombre,24.0,19-30,Jefe(a) del hogar,495
Hombre,42.0,31-60,Pareja,496
Mujer,79.0,61+,Padre/Madre,497
Hombre,17.0,0-18,Jefe(a) del hogar,498
Hombre,34.0,31-60,Hermano(a),499
Hombre,22.0,19-30,Hermano(a),500
Mujer,15.0,0-18,Nieto(a),501
Mujer,37.0,31-60,Hermano(a),502
Mujer,29.0,19-30,Nieto(a),503
Hombre,26.0,19-30,Otro pariente,504
Mujer,34.0,31-60,Hermano(a),505
Hombre,10.0,0-18,Otro pariente,506
Hombre,68.0,61+,Padre/Madre,507
Mujer,30.0,19-30,Otro pariente,508
Mujer,11.0,0-18,Hermano(a),509
Mujer,49.0,31-60,Padre/Madre,510
Mujer,50.0,31-60,Hermano(a),511
Hombre,39.0,31-60,Pareja,512
Hombre,54.0,31-60,Hijo(a),513
Hombre,39.0,31-60,Hermano(a),514
Mujer,15.0,0-18,Otro pariente,515
Hombre,32.0,31-60,Hermano(a),516
Mujer,79.0,61+,Jefe(a) del hogar,517
Hombre,86.0,61+,Pareja,518
Mujer,75.0,61+,Padre/Madre,519
Mujer,55.0,31-60,Otro pariente,520
Hombre,24.0,19-30,Otro pariente,521
Hombre,15.0,0-18,Otro pariente,522
Mujer,19.0,19-30,Otro pariente,523
Mujer,55.0,31-60,Hijo(a),524
Mujer,15.0,0-18,Hermano(a),525
Mujer,34.0,31-60,Yerno/Nuera,526
Mujer,46.0,31-60,Suegro(a),527
Mujer,62.0,61+,Padre/Madre,528
Hombre,6.0,0-18,Nieto(a),529
Hombre,80.0,61+,Pareja,530
Hombre,57.0,31-60,Padre/Madre,531
Mujer,93.0,61+,Otro pariente,532
Mujer,55.0,31-60,Hermano(a),533
Hombre,66.0,61+,Pareja,534
Mujer,18.0,0-18,Yerno/Nuera,535
Hombre,90.0,61+,Pareja,536
Hombre,62.0,61+,Hermano(a),537
Mujer,30.0,19-30,Nieto(a),538
Hombre,42.0,31-60,Yerno/Nuera,539
Hombre,2.0,0-18,Nieto(a),540
Mujer,35.0,31-60,Otro no pariente,541
Hombre,18.0,0-18,Jefe(a) del hogar,542
Hombre,90.0,61+,Jefe(a) del hogar,543
Mujer,91.0,61+,Pareja,544
Mujer,67.0,61+,Hijo(a),545
Hombre,63.0,61+,Hermano(a),546
Hombre,8.0,0-18,Otro no pariente,547
Mujer,91.0,61+,Padre/Madre,548
Mujer,18.0,0-18,Otro pariente,549
Mujer,31.0,31-60,Yerno/Nuera,550
Hombre,29.0,19-30,Otro pariente,551
Hombre,18.0,0-18,Otro no pariente,552
Hombre,22.0,19-30,Yerno/Nuera,553
Mujer,8.0,0-18,Otro no pariente,554
Hombre,84.0,61+,Pareja,555
Hombre,33.0,31-60,Yerno/Nuera,556
Mujer,16.0,0-18,Pareja,557
Mujer,86.0,61+,Padre/Madre,558
Mujer,40.0,31-60,Empleado doméstico,559
Mujer,10.0,0-18,Parientes servicio doméstico,560
Hombre,37.0,31-60,Hermano(a),561
Mujer,20.0,19-30,Otro pariente,562
Mujer,20.0,19-30,Yerno/Nuera,563
Hombre,22.0,19-30,Nieto(a),564
Mujer,64.0,61+,Otro no pariente,565
Hombre,91.0,61+,Jefe(a) del hogar,566
Mujer,56.0,31-60,Empleado doméstico,567
Mujer,10.0,0-18,Hermano(a),568
Hombre,65.0,61+,Pareja,569
Hombre,87.0,61+,Jefe(a) del hogar,570
Hombre,20.0,19-30,Nieto(a),571
Mujer,21.0,19-30,Nieto(a),572
Mujer,46.0,31-60,Otro pariente,573
Hombre,95.0,61+,Jefe(a) del hogar,574
Mujer,81.0,61+,Pareja,575
Hombre,7.0,0-18,Nieto(a),576
Hombre,64.0,61+,Hijo(a),577
Mujer,52.0,31-60,Hijo(a),578
Mujer,51.0,31-60,Hijo(a),579
Mujer,20.0,19-30,Pareja,580
Hombre,75.0,61+,Padre/Madre,581
Hombre,34.0,31-60,Yerno/Nuera,582
Mujer,23.0,19-30,Yerno/Nuera,583
Mujer,42.0,31-60,Hijo(a),584
Mujer,68.0,61+,Hermano(a),585
Mujer,87.0,61+,Padre/Madre,586
Hombre,28.0,19-30,Otro no pariente,587
Hombre,19.0,19-30,Jefe(a) del hogar,588
Mujer,28.0,19-30,Nieto(a),589
Hombre,11.0,0-18,Otro pariente,590
Mujer,6.0,0-18,Otro pariente,591
Hombre,64.0,61+,Padre/Madre,592
Mujer,57.0,31-60,Hijo(a),593
Hombre,14.0,0-18,Hermano(a),594
Hombre,72.0,61+,Suegro(a),595
Mujer,64.0,61+,Hijo(a),596
Hombre,60.0,31-60,Hijo(a),597
Mujer,14.0,0-18,Otro pariente,598
Hombre,16.0,0-18,Otro no pariente,599
Hombre,63.0,61+,Otro no pariente,600
Hombre,28.0,19-30,Otro pariente,601
Hombre,48.0,31-60,Pareja,602
Hombre,50.0,31-60,Pareja,603
Hombre,58.0,31-60,Hijo(a),604
Mujer,58.0,31-60,Hijo(a),605
Hombre,33.0,31-60,Hermano(a),606
Mujer,65.0,61+,Hijo(a),607
Mujer,56.0,31-60,Hijo(a),608
Mujer,57.0,31-60,Padre/Madre,609
Mujer,32.0,31-60,Hermano(a),610
Hombre,7.0,0-18,Otro pariente,611
Mujer,0.0,0-18,Otro pariente,612
Hombre,68.0,61+,Otro pariente,613
Hombre,23.0,19-30,Otro pariente,614
Mujer,82.0,61+,Pareja,615
Hombre,27.0,19-30,Hermano(a),616
Mujer,28.0,19-30,Otro no pariente,617
Mujer,33.0,31-60,Yerno/Nuera,618
Mujer,84.0,61+,Padre/Madre,619
Mujer,81.0,61+,Suegro(a),620
Mujer,58.0,31-60,Padre/Madre,621
Hombre,23.0,19-30,Yerno/Nuera,622
Mujer,41.0,31-60,Hijo(a),623
Hombre,77.0,61+,Pareja,624
Hombre,78.0,61+,Pareja,625
Hombre,73.0,61+,Padre/Madre,626
Mujer,67.0,61+,Padre/Madre,627
Hombre,30.0,19-30,Nieto(a),628
Mujer,32.0,31-60,Otro pariente,629
Mujer,62.0,61+,Hermano(a),630
Mujer,22.0,19-30,Otro pariente,631
Hombre,17.0,0-18,Yerno/Nuera,632
Hombre,21.0,19-30,Otro pariente,633
Hombre,49.0,31-60,Hijo(a),634
Mujer,12.0,0-18,Otro pariente,635
Hombre,45.0,31-60,Hermano(a),636
Hombre,47.0,31-60,Hermano(a),637
Mujer,73.0,61+,Hermano(a),638
Mujer,83.0,61+,Pareja,639
Hombre,38.0,31-60,Yerno/Nuera,640
Mujer,76.0,61+,Otro pariente,641
Mujer,31.0,31-60,Otro no pariente,642
Hombre,29.0,19-30,Otro no pariente,643
Hombre,25.0,19-30,Hermano(a),644
Mujer,48.0,31-60,Hijo(a),645
Mujer,22.0,19-30,Yerno/Nuera,646
Mujer,59.0,31-60,Padre/Madre,647
Hombre,61.0,61+,Hijo(a),648
Mujer,10.0,0-18,Otro pariente,649
Hombre,27.0,19-30,Suegro(a),650
Mujer,79.0,61+,Pareja,651
Hombre,81.0,61+,Pareja,652
Mujer,74.0,61+,Suegro(a),653
Hombre,26.0,19-30,Otro no pariente,654
Hombre,59.0,31-60,Padre/Madre,655
Mujer,65.0,61+,Padre/Madre,656
Mujer,87.0,61+,Suegro(a),657
Mujer,19.0,19-30,Yerno/Nuera,658
Hombre,47.0,31-60,Otro pariente,659
Hombre,85.0,61+,Pareja,660
Mujer,48.0,31-60,Yerno/Nuera,661
Hombre,69.0,61+,Padre/Madre,662
Hombre,16.0,0-18,Otro pariente,663
Hombre,21.0,19-30,Otro no pariente,664
Hombre,0.0,0-18,Otro pariente,665
Hombre,78.0,61+,Padre/Madre,666
Mujer,90.0,61+,Pareja,667
Mujer,62.0,61+,Otro no pariente,668
Mujer,60.0,31-60,Padre/Madre,669
Hombre,98.0,61+,Jefe(a) del hogar,670
Mujer,86.0,61+,Pareja,671
Hombre,19.0,19-30,Otro pariente,672
Hombre,17.0,0-18,Otro pariente,673
Hombre,42.0,31-60,Hijo(a),674
Mujer,17.0,0-18,Otro pariente,675
Hombre,58.0,31-60,Hermano(a),676
Mujer,27.0,19-30,Hermano(a),677
Hombre,72.0,61+,Pareja,678
Hombre,38.0,31-60,Otro pariente,679
Mujer,27.0,19-30,Otro pariente,680
Hombre,15.0,0-18,Hermano(a),681
Mujer,23.0,19-30,Otro pariente,682
Mujer,66.0,61+,Hijo(a),683
Mujer,31.0,31-60,Otro pariente,684
Mujer,11.0,0-18,Otro pariente,685
Hombre,44.0,31-60,Yerno/Nuera,686
Hombre,65.0,61+,Otro no pariente,687
Mujer,22.0,19-30,Hermano(a),688
Mujer,56.0,31-60,Suegro(a),689
Hombre,53.0,31-60,Hijo(a),690
Hombre,27.0,19-30,Otro pariente,691
Mujer,47.0,31-60,Hermano(a),692
Mujer,15.0,0-18,Pareja,693
Hombre,13.0,0-18,Otro pariente,694
Hombre,77.0,61+,Hermano(a),695
Hombre,27.0,19-30,Nieto(a),696
Hombre,28.0,19-30,Yerno/Nuera,697
Mujer,42.0,31-60,Yerno/Nuera,698
Hombre,38.0,31-60,Nieto(a),699
Hombre,45.0,31-60,Hijo(a),700
Hombre,40.0,31-60,Nieto(a),701
Mujer,89.0,61+,Jefe(a) del hogar,702
Mujer,27.0,19-30,Otro no pariente,703
Mujer,83.0,61+,Padre/Madre,704
Hombre,61.0,61+,Hermano(a),705
Mujer,18.0,0-18,Pareja,706
Mujer,18.0,0-18,Hermano(a),707
Mujer,73.0,61+,Pareja,708
Hombre,39.0,31-60,Hijo(a),709
Mujer,23.0,19-30,Hermano(a),710
Hombre,79.0,61+,Suegro(a),711
Hombre,74.0,61+,Suegro(a),712
Mujer,46.0,31-60,Otro no pariente,713
Hombre,69.0,61+,Pareja,714
Hombre,22.0,19-30,Otro pariente,715
Mujer,26.0,19-30,Otro pariente,716
Hombre,16.0,0-18,Jefe(a) del hogar,717
Hombre,72.0,61+,Hermano(a),718
Mujer,34.0,31-60,Otro pariente,719
Hombre,15.0,0-18,Otro no pariente,720
Hombre,14.0,0-18,Otro no pariente,721
Hombre,71.0,61+,Pareja,722
Hombre,59.0,31-60,Pareja,723
Mujer,37.0,31-60,Yerno/Nuera,724
Hombre,11.0,0-18,Hermano(a),725
Mujer,24.0,19-30,Nieto(a),726
Hombre,70.0,61+,Suegro(a),727
Mujer,8.0,0-18,Otro pariente,728
Mujer,21.0,19-30,Hermano(a),729
Hombre,11.0,0-18,Otro no pariente,730
Hombre,5.0,0-18,Otro pariente,731
Mujer,49.0,31-60,Hermano(a),732
Hombre,25.0,19-30,Otro pariente,733
Mujer,23.0,19-30,Nieto(a),734
Hombre,75.0,61+,Hermano(a),735
Hombre,82.0,61+,Otro pariente,736
Mujer,32.0,31-60,Yerno/Nuera,737
Hombre,65.0,61+,Hermano(a),738
Mujer,69.0,61+,Suegro(a),739
Mujer,22.0,19-30,Nieto(a),740
Mujer,93.0,61+,Jefe(a) del hogar,741
Hombre,1.0,0-18,Otro pariente,742
Mujer,20.0,19-30,Empleado doméstico,743
Hombre,14.0,0-18,Otro pariente,744
Mujer,86.0,61+,Suegro(a),745
Hombre,52.0,31-60,Hermano(a),746
Hombre,85.0,61+,Padre/Madre,747
Mujer,3.0,0-18,Otro pariente,748
Hombre,61.0,61+,Yerno/Nuera,749
Hombre,35.0,31-60,Hermano(a),750
Hombre,29.0,19-30,Hermano(a),751
Hombre,56.0,31-60,Hermano(a),752
Hombre,19.0,19-30,Yerno/Nuera,753
Hombre,53.0,31-60,Yerno/Nuera,754
Hombre,26.0,19-30,Nieto(a),755
Hombre,64.0,61+,Hermano(a),756
Mujer,16.0,0-18,Jefe(a) del hogar,757
Hombre,82.0,61+,Pareja,758
Mujer,22.0,19-30,Empleado doméstico,759
Mujer,3.0,0-18,Otro no pariente,760
Hombre,21.0,19-30,Pareja,761
Hombre,55.0,31-60,Hijo(a),762
Hombre,86.0,61+,Jefe(a) del hogar,763
Mujer,24.0,19-30,Empleado doméstico,764
Hombre,72.0,61+,Padre/Madre,765
Mujer,39.0,31-60,Nieto(a),766
Hombre,68.0,61+,Pareja,767
Mujer,17.0,0-18,Yerno/Nuera,768
Mujer,16.0,0-18,Yerno/Nuera,769
Hombre,88.0,61+,Otro no pariente,770
Hombre,39.0,31-60,Otro pariente,771
Mujer,20.0,19-30,Hermano(a),772
Hombre,48.0,31-60,Hijo(a),773
Mujer,51.0,31-60,Hermano(a),774
Mujer,82.0,61+,Padre/Madre,775
Hombre,41.0,31-60,Hermano(a),776
Mujer,29.0,19-30,Otro pariente,777
Mujer,37.0,31-60,Nieto(a),778
Hombre,44.0,31-60,Otro no pariente,779
Hombre,32.0,31-60,Yerno/Nuera,780
Mujer,53.0,31-60,Hermano(a),781
Hombre,54.0,31-60,Hermano(a),782
Hombre,26.0,19-30,Hermano(a),783
Mujer,5.0,0-18,Hermano(a),784
Mujer,0.0,0-18,Hermano(a),785
Hombre,65.0,61+,Padre/Madre,786
Mujer,72.0,61+,Hermano(a),787
Mujer,44.0,31-60,Hijo(a),788
Mujer,50.0,31-60,Padre/Madre,789
Mujer,19.0,19-30,Suegro(a),790
Hombre,88.0,61+,Padre/Madre,791
Mujer,84.0,61+,Otro pariente,792
Hombre,71.0,61+,Hermano(a),793
Hombre,77.0,61+,Padre/Madre,794
Mujer,50.0,31-60,Otro pariente,795
Hombre,88.0,61+,Jefe(a) del hogar,796
Hombre,31.0,31-60,Hermano(a),797
Hombre,54.0,31-60,Yerno/Nuera,798
Mujer,37.0,31-60,Otro no pariente,799
Mujer,62.0,61+,Suegro(a),800
Mujer,13.0,0-18,Otro pariente,801
Mujer,42.0,31-60,Padre/Madre,802
Hombre,10.0,0-18,Hermano(a),803
Hombre,25.0,19-30,Nieto(a),804
Mujer,9.0,0-18,Otro no pariente,805
Mujer,87.0,61+,Otro pariente,806
Mujer,80.0,61+,Hermano(a),807
Mujer,76.0,61+,Hermano(a),808
Hombre,89.0,61+,Jefe(a) del hogar,809
Mujer,55.0,31-60,Otro no pariente,810
Mujer,41.0,31-60,Yerno/Nuera,811
Hombre,90.0,61+,Suegro(a),812
Hombre,74.0,61+,Pareja,813
Hombre,23.0,19-30,Otro no pariente,814
Hombre,67.0,61+,Hermano(a),815
Hombre,58.0,31-60,Padre/Madre,816
Hombre,57.0,31-60,Hijo(a),817
Hombre,45.0,31-60,Yerno/Nuera,818
Hombre,39.0,31-60,Yerno/Nuera,819
Mujer,97.0,61+,Jefe(a) del hogar,820
Hombre,89.0,61+,Padre/Madre,821
Hombre,38.0,31-60,Otro no pariente,822
Mujer,93.0,61+,Suegro(a),823
Mujer,61.0,61+,Padre/Madre,824
Mujer,40.0,31-60,Yerno/Nuera,825
Hombre,35.0,31-60,Otro pariente,826
Hombre,50.0,31-60,Otro no pariente,827
Mujer,5.0,0-18,Otro pariente,828
Mujer,70.0,61+,Padre/Madre,829
Mujer,4.0,0-18,Otro pariente,830
Hombre,66.0,61+,Padre/Madre,831
Mujer,60.0,31-60,Suegro(a),832
Hombre,36.0,31-60,Otro no pariente,833
Hombre,4.0,0-18,Otro pariente,834
Mujer,100.0,61+,Suegro(a),835
Hombre,94.0,61+,Jefe(a) del hogar,836
Mujer,58.0,31-60,Hermano(a),837
Hombre,3.0,0-18,Otro pariente,838
Mujer,57.0,31-60,Otro pariente,839
Mujer,53.0,31-60,Otro pariente,840
Mujer,56.0,31-60,Otro pariente,841
Mujer,38.0,31-60,Yerno/Nuera,842
Hombre,55.0,31-60,Padre/Madre,843
Mujer,88.0,61+,Padre/Madre,844
Hombre,49.0,31-60,Trabajador,845
Hombre,46.0,31-60,Hermano(a),846
Hombre,82.0,61+,Hermano(a),847
Mujer,34.0,31-60,Nieto(a),848
Mujer,39.0,31-60,Hermano(a),849
Hombre,92.0,61+,Jefe(a) del hogar,850
Mujer,25.0,19-30,Otro pariente,851
Hombre,41.0,31-60,Yerno/Nuera,852
Hombre,64.0,61+,Suegro(a),853
Mujer,26.0,19-30,Yerno/Nuera,854
Hombre,75.0,61+,Pareja,855
Hombre,87.0,61+,Padre/Madre,856
Mujer,28.0,19-30,Hermano(a),857
Mujer,66.0,61+,Otro no pariente,858
Mujer,18.0,0-18,Otro no pariente,859
Hombre,10.0,0-18,Otro no pariente,860
Mujer,1.0,0-18,Otro no pariente,861
Mujer,85.0,61+,Hermano(a),862
Mujer,60.0,31-60,Hijo(a),863
Hombre,34.0,31-60,Nieto(a),864
Hombre,22.0,19-30,Otro no pariente,865
Mujer,81.0,61+,Hijo(a),866
Hombre,30.0,19-30,Yerno/Nuera,867
Hombre,36.0,31-60,Yerno/Nuera,868
Hombre,62.0,61+,Suegro(a),869
Hombre,48.0,31-60,Otro pariente,870
Hombre,50.0,31-60,Hermano(a),871
Hombre,89.0,61+,Hermano(a),872
Mujer,57.0,31-60,Hermano(a),873
Mujer,20.0,19-30,Otro no pariente,874
Mujer,55.0,31-60,Empleado doméstico,875
Hombre,91.0,61+,Padre/Madre,876
Mujer,29.0,19-30,Yerno/Nuera,877
Mujer,33.0,31-60,Otro pariente,878
Mujer,7.0,0-18,Otro pariente,879
Hombre,82.0,61+,Padre/Madre,880
Mujer,19.0,19-30,Hermano(a),881
Mujer,14.0,0-18,Hermano(a),882
Hombre,20.0,19-30,Otro pariente,883
Hombre,83.0,61+,Hermano(a),884
Mujer,61.0,61+,Otro pariente,885
Mujer,70.0,61+,Hijo(a),886
Hombre,31.0,31-60,Nieto(a),887
Hombre,67.0,61+,Otro pariente,888
Hombre,40.0,31-60,Otro pariente,889
Mujer,81.0,61+,Padre/Madre,890
Mujer,60.0,31-60,Otro no pariente,891
Mujer,10.0,0-18,Otro no pariente,892
Mujer,25.0,19-30,Otro no pariente,893
Hombre,2.0,0-18,Otro no pariente,894
Hombre,20.0,19-30,Yerno/Nuera,895
Mujer,64.0,61+,Suegro(a),896
Mujer,24.0,19-30,Pensionista,897
Hombre,26.0,19-30,Pensionista,898
Mujer,35.0,31-60,Yerno/Nuera,899
Mujer,90.0,61+,Otro no pariente,900
Mujer,38.0,31-60,Otro pariente,901
Hombre,55.0,31-60,Hermano(a),902
Hombre,5.0,0-18,Otro no pariente,903
Hombre,61.0,61+,Padre/Madre,904
Hombre,60.0,31-60,Otro pariente,905
Hombre,1.0,0-18,Otro no pariente,906
Hombre,86.0,61+,Otro no pariente,907
Hombre,25.0,19-30,Otro no pariente,908
Mujer,65.0,61+,Hermano(a),909
Hombre,37.0,31-60,Yerno/Nuera,910
Hombre,30.0,19-30,Otro pariente,911
Hombre,70.0,61+,Otro no pariente,912
Mujer,38.0,31-60,Otro no pariente,913
Hombre,23.0,19-30,Hermano(a),914
Mujer,49.0,31-60,Hijo(a),915
Mujer,39.0,31-60,Otro no pariente,916
Mujer,3.0,0-18,Empleado doméstico,917
Hombre,30.0,19-30,Hermano(a),918
Mujer,19.0,19-30,Otro no pariente,919
Mujer,21.0,19-30,Otro no pariente,920
Mujer,41.0,31-60,Hermano(a),921
Mujer,60.0,31-60,Otro pariente,922
Mujer,43.0,31-60,Otro pariente,923
Hombre,97.0,61+,Jefe(a) del hogar,924
Mujer,19.0,19-30,Empleado doméstico,925
Hombre,71.0,61+,Otro pariente,926
Mujer,85.0,61+,Suegro(a),927
Hombre,71.0,61+,Suegro(a),928
Mujer,62.0,61+,Otro pariente,929
Hombre,67.0,61+,Suegro(a),930
Hombre,74.0,61+,Padre/Madre,931
Mujer,84.0,61+,Hermano(a),932
Mujer,77.0,61+,Otro pariente,933
Hombre,40.0,31-60,Yerno/Nuera,934
Hombre,56.0,31-60,Otro pariente,935
Hombre,54.0,31-60,Padre/Madre,936
Hombre,70.0,61+,Otro pariente,937
Hombre,90.0,61+,Padre/Madre,938
Mujer,88.0,61+,Suegro(a),939
Hombre,33.0,31-60,Otro no pariente,940
Mujer,61.0,61+,Hijo(a),941
Mujer,14.0,0-18,Otro no pariente,942
Mujer,0.0,0-18,Otro no pariente,943
Hombre,70.0,61+,Hermano(a),944
Hombre,16.0,0-18,Hermano(a),945
Hombre,72.0,61+,Otro no pariente,946
Mujer,80.0,61+,Otro no pariente,947
Hombre,63.0,61+,Hijo(a),948
Mujer,52.0,31-60,Nieto(a),949
Mujer,28.0,19-30,Otro pariente,950
Mujer,7.0,0-18,Otro no pariente,951
Mujer,48.0,31-60,Padre/Madre,952
Mujer,5.0,0-18,Otro no pariente,953
Mujer,31.0,31-60,Suegro(a),954
Mujer,84.0,61+,Suegro(a),955
Mujer,41.0,31-60,Padre/Madre,956
Hombre,9.0,0-18,Otro pariente,957
Mujer,54.0,31-60,Padre/Madre,958
Mujer,26.0,19-30,Otro no pariente,959
Hombre,86.0,61+,Padre/Madre,960
Hombre,31.0,31-60,Otro no pariente,961
Mujer,51.0,31-60,Otro no pariente,962
Hombre,66.0,61+,Hijo(a),963
Hombre,62.0,61+,Hijo(a),964
Hombre,40.0,31-60,Padre/Madre,965
Mujer,74.0,61+,Otro pariente,966
Hombre,55.0,31-60,Otro pariente,967
Mujer,54.0,31-60,Hermano(a),968
Mujer,25.0,19-30,Nieto(a),969
Hombre,80.0,61+,Otro no pariente,970
Mujer,31.0,31-60,Hermano(a),971
Hombre,43.0,31-60,Yerno/Nuera,972
Mujer,53.0,31-60,Otro no pariente,973
Hombre,58.0,31-60,Otro pariente,974
Hombre,21.0,19-30,Pensionista,975
Mujer,42.0,31-60,Empleado doméstico,976
Hombre,35.0,31-60,Yerno/Nuera,977
Hombre,21.0,19-30,Yerno/Nuera,978
Mujer,16.0,0-18,Otro pariente,979
Mujer,41.0,31-60,Otro pariente,980
Mujer,92.0,61+,Jefe(a) del hogar,981
Hombre,47.0,31-60,Trabajador,982
Hombre,21.0,19-30,Trabajador,983
Hombre,5.0,0-18,Parientes servicio doméstico,984
Hombre,1.0,0-18,Parientes servicio doméstico,985
Mujer,78.0,61+,Suegro(a),986
Mujer,90.0,61+,Padre/Madre,987
Mujer,23.0,19-30,Otro no pariente,988
Hombre,3.0,0-18,Otro no pariente,989
Mujer,53.0,31-60,Yerno/Nuera,990
Mujer,59.0,31-60,Hermano(a),991
Hombre,64.0,61+,Otro no pariente,992
Mujer,37.0,31-60,Otro pariente,993
Mujer,37.0,31-60,Empleado doméstico,994
Hombre,8.0,0-18,Parientes servicio doméstico,995
Mujer,4.0,0-18,Parientes servicio doméstico,996
Hombre,12.0,0-18,Hermano(a),997
Hombre,58.0,31-60,Otro no pariente,998
Hombre,60.0,31-60,Suegro(a),999
Hombre,22.0,19-30,Trabajador,1000
Mujer,2.0,0-18,Parientes servicio doméstico,1001
Mujer,49.0,31-60,Empleado doméstico,1002
Hombre,55.0,31-60,Otro no pariente,1003
Hombre,79.0,61+,Hermano(a),1004
Mujer,46.0,31-60,Padre/Madre,1005
Hombre,49.0,31-60,Hermano(a),1006
Hombre,68.0,61+,Otro no pariente,1007
Mujer,65.0,61+,Otro pariente,1008
Hombre,28.0,19-30,Hermano(a),1009
Mujer,71.0,61+,Suegro(a),1010
Hombre,41.0,31-60,Otro no pariente,1011
Hombre,63.0,61+,Trabajador,1012
Hombre,54.0,31-60,Trabajador,1013
Mujer,61.0,61+,Suegro(a),1014
Mujer,44.0,31-60,Yerno/Nuera,1015
Hombre,73.0,61+,Otro pariente,1016
Mujer,71.0,61+,Otro pariente,1017
Mujer,66.0,61+,Empleado doméstico,1018
Hombre,89.0,61+,Pareja,1019
Mujer,87.0,61+,Hermano(a),1020
Mujer,40.0,31-60,Hermano(a),1021
Hombre,37.0,31-60,Otro pariente,1022
Mujer,44.0,31-60,Empleado doméstico,1023
Hombre,36.0,31-60,Otro pariente,1024
Hombre,17.0,0-18,Otro no pariente,1025
Mujer,86.0,61+,Otro no pariente,1026
Mujer,53.0,31-60,Suegro(a),1027
Hombre,17.0,0-18,Pareja,1028
Mujer,23.0,19-30,Empleado doméstico,1029
Mujer,33.0,31-60,Hermano(a),1030
Hombre,73.0,61+,Hermano(a),1031
Mujer,94.0,61+,Padre/Madre,1032
Mujer,54.0,31-60,Empleado doméstico,1033
Mujer,70.0,61+,Hermano(a),1034
Hombre,18.0,0-18,Yerno/Nuera,1035
Hombre,39.0,31-60,Nieto(a),1036
Mujer,15.0,0-18,Yerno/Nuera,1037
Mujer,42.0,31-60,Hermano(a),1038
Mujer,77.0,61+,Hermano(a),1039
Hombre,7.0,0-18,Otro no pariente,1040
Hombre,6.0,0-18,Otro no pariente,1041
Hombre,0.0,0-18,Otro no pariente,1042
Hombre,88.0,61+,Otro pariente,1043
Hombre,39.0,31-60,Trabajador,1044
Mujer,99.0,61+,Jefe(a) del hogar,1045
Mujer,23.0,19-30,Pensionista,1046
Mujer,64.0,61+,Hermano(a),1047
Hombre,76.0,61+,Pareja,1048
Hombre,37.0,31-60,Nieto(a),1049
Hombre,31.0,31-60,Otro pariente,1050
Hombre,24.0,19-30,Yerno/Nuera,1051
Mujer,49.0,31-60,Suegro(a),1052
Hombre,68.0,61+,Suegro(a),1053
Mujer,44.0,31-60,Padre/Madre,1054
Hombre,24.0,19-30,Otro no pariente,1055
Hombre,76.0,61+,Padre/Madre,1056
Hombre,41.0,31-60,Otro pariente,1057
Hombre,42.0,31-60,Otro pariente,1058
Mujer,34.0,31-60,Otro no pariente,1059
Hombre,94.0,61+,Padre/Madre,1060
Mujer,95.0,61+,Padre/Madre,1061
Hombre,46.0,31-60,Trabajador,1062
Hombre,30.0,19-30,Trabajador,1063
Mujer,45.0,31-60,Empleado doméstico,1064
Hombre,52.0,31-60,Yerno/Nuera,1065
Mujer,62.0,61+,Hijo(a),1066
Hombre,70.0,61+,Yerno/Nuera,1067
Mujer,44.0,31-60,Otro pariente,1068
Mujer,21.0,19-30,Empleado doméstico,1069
Mujer,43.0,31-60,Hermano(a),1070
Hombre,54.0,31-60,Suegro(a),1071
Hombre,69.0,61+,Hermano(a),1072
Hombre,40.0,31-60,Suegro(a),1073
Mujer,73.0,61+,Suegro(a),1074
Hombre,88.0,61+,Pareja,1075
Hombre,33.0,31-60,Nieto(a),1076
Mujer,59.0,31-60,Otro pariente,1077
Mujer,22.0,19-30,Pensionista,1078
Hombre,81.0,61+,Padre/Madre,1079
Mujer,75.0,61+,Suegro(a),1080
Mujer,51.0,31-60,Padre/Madre,1081
Mujer,9.0,0-18,Otro pariente,1082
Mujer,21.0,19-30,Pensionista,1083
Mujer,0.0,0-18,Pensionista,1084
Mujer,17.0,0-18,Otro no pariente,1085
Mujer,84.0,61+,Pareja,1086
Mujer,75.0,61+,Otro no pariente,1087
Mujer,85.0,61+,Pareja,1088
Mujer,46.0,31-60,Yerno/Nuera,1089
Hombre,17.0,0-18,Trabajador,1090
Mujer,12.0,0-18,Hermano(a),1091
Hombre,32.0,31-60,Nieto(a),1092
Mujer,47.0,31-60,Empleado doméstico,1093
Mujer,42.0,31-60,Nieto(a),1094
Hombre,40.0,31-60,Hermano(a),1095
Hombre,57.0,31-60,Otro no pariente,1096
Mujer,83.0,61+,Suegro(a),1097
Mujer,53.0,31-60,Empleado doméstico,1098
Mujer,6.0,0-18,Otro no pariente,1099
Hombre,80.0,61+,Otro pariente,1100
Mujer,85.0,61+,Otro pariente,1101
Hombre,51.0,31-60,Otro pariente,1102
Hombre,37.0,31-60,Otro no pariente,1103
Hombre,78.0,61+,Suegro(a),1104
Hombre,63.0,61+,Padre/Madre,1105
Hombre,69.0,61+,Otro no pariente,1106
Mujer,82.0,61+,Suegro(a),1107
Hombre,53.0,31-60,Hermano(a),1108
Mujer,29.0,19-30,Hermano(a),1109
Mujer,69.0,61+,Empleado doméstico,1110
Mujer,72.0,61+,Hijo(a),1111
Hombre,59.0,31-60,Hermano(a),1112
Mujer,42.0,31-60,Otro pariente,1113
Hombre,19.0,19-30,Otro no pariente,1114
Hombre,27.0,19-30,Yerno/Nuera,1115
Mujer,63.0,61+,Hijo(a),1116
Hombre,88.0,61+,Hermano(a),1117
Hombre,46.0,31-60,Otro pariente,1118
Mujer,72.0,61+,Padre/Madre,1119
Mujer,16.0,0-18,Hermano(a),1120
Mujer,58.0,31-60,Suegro(a),1121
Hombre,65.0,61+,Suegro(a),1122
Hombre,57.0,31-60,Yerno/Nuera,1123
Mujer,89.0,61+,Suegro(a),1124
Mujer,22.0,19-30,Otro no pariente,1125
Hombre,13.0,0-18,Otro no pariente,1126
Mujer,91.0,61+,Jefe(a) del hogar,1127
Hombre,76.0,61+,Hermano(a),1128
Hombre,81.0,61+,Hermano(a),1129
Hombre,51.0,31-60,Padre/Madre,1130
Hombre,38.0,31-60,Hermano(a),1131
Mujer,73.0,61+,Otro pariente,1132
Mujer,45.0,31-60,Yerno/Nuera,1133
Hombre,43.0,31-60,Padre/Madre,1134
Mujer,66.0,61+,Hermano(a),1135
Mujer,39.0,31-60,Padre/Madre,1136
Mujer,8.0,0-18,Hermano(a),1137
Hombre,42.0,31-60,Hermano(a),1138
Hombre,84.0,61+,Padre/Madre,1139
Hombre,65.0,61+,Yerno/Nuera,1140
Hombre,18.0,0-18,Pareja,1141
Hombre,51.0,31-60,Hermano(a),1142
Mujer,87.0,61+,Pareja,1143
Mujer,13.0,0-18,Hermano(a),1144
Hombre,87.0,61+,Pareja,1145
Hombre,2.0,0-18,Hermano(a),1146
Mujer,11.0,0-18,Otro no pariente,1147
Mujer,94.0,61+,Suegro(a),1148
Hombre,83.0,61+,Padre/Madre,1149
Mujer,40.0,31-60,Suegro(a),1150
Mujer,75.0,61+,Hermano(a),1151
Mujer,68.0,61+,Suegro(a),1152
Hombre,78.0,61+,Otro no pariente,1153
Mujer,39.0,31-60,Yerno/Nuera,1154
Hombre,16.0,0-18,Pareja,1155
Hombre,50.0,31-60,Padre/Madre,1156
Hombre,99.0,61+,Pareja,1157
Mujer,99.0,61+,Padre/Madre,1158
Mujer,56.0,31-60,Hermano(a),1159
Hombre,74.0,61+,Otro pariente,1160
Mujer,74.0,61+,Otro no pariente,1161
Hombre,47.0,31-60,Otro no pariente,1162
Hombre,34.0,31-60,Otro pariente,1163
Hombre,29.0,19-30,Nieto(a),1164
Hombre,79.0,61+,Pareja,1165
Mujer,72.0,61+,Otro pariente,1166
Mujer,43.0,31-60,Nieto(a),1167
Hombre,33.0,31-60,Otro pariente,1168
Hombre,49.0,31-60,Yerno/Nuera,1169
Hombre,82.0,61+,Suegro(a),1170
Mujer,61.0,61+,Otro no pariente,1171
Hombre,8.0,0-18,Hermano(a),1172
Hombre,35.0,31-60,Nieto(a),1173
Hombre,57.0,31-60,Hermano(a),1174
Hombre,68.0,61+,Hermano(a),1175
Hombre,65.0,61+,Hijo(a),1176
Mujer,63.0,61+,Hermano(a),1177
Hombre,49.0,31-60,Otro no pariente,1178
Mujer,47.0,31-60,Padre/Madre,1179
Hombre,84.0,61+,Hermano(a),1180
Mujer,54.0,31-60,Yerno/Nuera,1181
Hombre,73.0,61+,Suegro(a),1182
Mujer,15.0,0-18,Otro no pariente,1183
Mujer,86.0,61+,Otro pariente,1184
Mujer,88.0,61+,Pareja,1185
Mujer,33.0,31-60,Otro no pariente,1186
Mujer,63.0,61+,Suegro(a),1187
Hombre,36.0,31-60,Nieto(a),1188
Mujer,79.0,61+,Suegro(a),1189
Hombre,64.0,61+,Otro pariente,1190
Hombre,14.0,0-18,Trabajador,1191
Mujer,52.0,31-60,Suegro(a),1192
Hombre,84.0,61+,Otro pariente,1193
Mujer,30.0,19-30,Suegro(a),1194
Mujer,30.0,19-30,Otro no pariente,1195
Mujer,83.0,61+,Hermano(a),1196
Hombre,54.0,31-60,Otro pariente,1197
Mujer,11.0,0-18,Yerno/Nuera,1198
Mujer,51.0,31-60,Empleado doméstico,1199
Mujer,36.0,31-60,Yerno/Nuera,1200
Mujer,95.0,61+,Jefe(a) del hogar,1201
Hombre,48.0,31-60,Nieto(a),1202
Mujer,0.0,0-18,Parientes servicio doméstico,1203
Hombre,19.0,19-30,Pareja,1204
Mujer,97.0,61+,Suegro(a),1205
Hombre,80.0,61+,Suegro(a),1206
Hombre,43.0,31-60,Otro pariente,1207
Hombre,75.0,61+,Otro no pariente,1208
Mujer,91.0,61+,Suegro(a),1209
Hombre,78.0,61+,Hermano(a),1210
Mujer,72.0,61+,Suegro(a),1211
Mujer,12.0,0-18,Otro no pariente,1212
Mujer,58.0,31-60,Otro no pariente,1213
Hombre,61.0,61+,Otro no pariente,1214
Mujer,47.0,31-60,Otro no pariente,1215
Mujer,51.0,31-60,Otro pariente,1216
Mujer,83.0,61+,Otro pariente,1217
Hombre,29.0,19-30,Trabajador,1218
Hombre,89.0,61+,Suegro(a),1219
Mujer,78.0,61+,Otro pariente,1220
Hombre,99.0,61+,Padre/Madre,1221
Hombre,68.0,61+,Hijo(a),1222
Mujer,65.0,61+,Yerno/Nuera,1223
Mujer,38.0,31-60,Empleado doméstico,1224
Mujer,51.0,31-60,Yerno/Nuera,1225
Mujer,52.0,31-60,Otro no pariente,1226
Mujer,40.0,31-60,Padre/Madre,1227
Mujer,35.0,31-60,Otro pariente,1228
Hombre,80.0,61+,Padre/Madre,1229
Hombre,55.0,31-60,Yerno/Nuera,1230
Mujer,86.0,61+,Yerno/Nuera,1231
Mujer,70.0,61+,Otro no pariente,1232
Hombre,61.0,61+,Otro pariente,1233
Mujer,42.0,31-60,Suegro(a),1234
Hombre,92.0,61+,Padre/Madre,1235
Mujer,40.0,31-60,Otro pariente,1236
Mujer,51.0,31-60,Suegro(a),1237
Hombre,62.0,61+,Otro no pariente,1238
Hombre,38.0,31-60,Trabajador,1239
Hombre,52.0,31-60,Otro no pariente,1240
Mujer,41.0,31-60,Otro no pariente,1241
Hombre,35.0,31-60,Otro no pariente,1242
Mujer,35.0,31-60,Padre/Madre,1243
Hombre,86.0,61+,Otro pariente,1244
Hombre,96.0,61+,Jefe(a) del hogar,1245
Mujer,2.0,0-18,Otro no pariente,1246
Hombre,82.0,61+,Otro no pariente,1247
Hombre,49.0,31-60,Otro pariente,1248
Hombre,93.0,61+,Jefe(a) del hogar,1249
Mujer,35.0,31-60,Hermano(a),1250
Hombre,46.0,31-60,Yerno/Nuera,1251
Hombre,73.0,61+,Hijo(a),1252
Mujer,41.0,31-60,Nieto(a),1253
Hombre,76.0,61+,Suegro(a),1254
Mujer,78.0,61+,Hermano(a),1255
Hombre,3.0,0-18,Hermano(a),1256
Mujer,69.0,61+,Otro pariente,1257
Mujer,33.0,31-60,Nieto(a),1258
Mujer,48.0,31-60,Hermano(a),1259
Hombre,56.0,31-60,Yerno/Nuera,1260
Mujer,58.0,31-60,Empleado doméstico,1261
Mujer,66.0,61+,Otro pariente,1262
Hombre,51.0,31-60,Otro no pariente,1263
Mujer,35.0,31-60,Empleado doméstico,1264
Hombre,72.0,61+,Otro pariente,1265
Mujer,45.0,31-60,Trabajador,1266
Hombre,49.0,31-60,Padre/Madre,1267
Mujer,52.0,31-60,Hermano(a),1268
Mujer,39.0,31-60,Empleado doméstico,1269
Mujer,76.0,61+,Otro no pariente,1270
Hombre,28.0,19-30,Pensionista,1271
Mujer,68.0,61+,Otro no pariente,1272
Hombre,15.0,0-18,Trabajador,1273
Hombre,81.0,61+,Suegro(a),1274
Mujer,27.0,19-30,Pensionista,1275
Hombre,48.0,31-60,Empleado doméstico,1276
Hombre,61.0,61+,Trabajador,1277
Mujer,101.0,61+,Padre/Madre,1278
Hombre,77.0,61+,Suegro(a),1279
Hombre,66.0,61+,Otro no pariente,1280
Hombre,73.0,61+,Otro no pariente,1281
Hombre,42.0,31-60,Otro no pariente,1282
Mujer,69.0,61+,Hermano(a),1283
Hombre,16.0,0-18,Yerno/Nuera,1284
Mujer,16.0,0-18,Otro no pariente,1285
Mujer,73.0,61+,Hijo(a),1286
Mujer,74.0,61+,Hermano(a),1287
Mujer,96.0,61+,Suegro(a),1288
Mujer,43.0,31-60,Otro no pariente,1289
Hombre,9.0,0-18,Otro no pariente,1290
Hombre,15.0,0-18,Jefe(a) del hogar,1291
Mujer,1.0,0-18,Hermano(a),1292
Hombre,26.0,19-30,Suegro(a),1293
Mujer,35.0,31-60,Pensionista,1294
Hombre,19.0,19-30,Pensionista,1295
Hombre,67.0,61+,Trabajador,1296
Hombre,74.0,61+,Otro no pariente,1297
Hombre,4.0,0-18,Otro no pariente,1298
Mujer,34.0,31-60,Trabajador,1299
Mujer,13.0,0-18,Otro no pariente,1300
Mujer,57.0,31-60,Otro no pariente,1301
Mujer,57.0,31-60,Suegro(a),1302
Hombre,90.0,61+,Otro pariente,1303
Mujer,49.0,31-60,Yerno/Nuera,1304
Mujer,47.0,31-60,Otro pariente,1305
Mujer,25.0,19-30,Empleado doméstico,1306
Mujer,23.0,19-30,Trabajador,1307
Mujer,49.0,31-60,Otro no pariente,1308
Hombre,60.0,31-60,Otro no pariente,1309
Mujer,99.0,61+,Pareja,1310
Hombre,30.0,19-30,Otro no pariente,1311
Mujer,9.0,0-18,Hermano(a),1312
Hombre,44.0,31-60,Trabajador,1313
Hombre,56.0,31-60,Padre/Madre,1314
Mujer,6.0,0-18,Hermano(a),1315
Hombre,87.0,61+,Suegro(a),1316
Hombre,32.0,31-60,Otro no pariente,1317
Hombre,100.0,61+,Padre/Madre,1318
Hombre,7.0,0-18,Hermano(a),1319
Hombre,90.0,61+,Otro no pariente,1320
Mujer,54.0,31-60,Otro no pariente,1321
Mujer,45.0,31-60,Otro pariente,1322
Hombre,45.0,31-60,Otro no pariente,1323
Hombre,43.0,31-60,Hermano(a),1324
Hombre,76.0,61+,Otro pariente,1325
Hombre,41.0,31-60,Trabajador,1326
Hombre,41.0,31-60,Nieto(a),1327
Hombre,54.0,31-60,Otro no pariente,1328
Mujer,80.0,61+,Suegro(a),1329
Hombre,24.0,19-30,Pensionista,1330
Hombre,20.0,19-30,Pensionista,1331
Hombre,44.0,31-60,Pensionista,1332
Hombre,52.0,31-60,Otro pariente,1333
Hombre,51.0,31-60,Trabajador,1334
Hombre,59.0,31-60,Otro pariente,1335
Hombre,36.0,31-60,Trabajador,1336
Hombre,58.0,31-60,Trabajador,1337
Mujer,46.0,31-60,Hermano(a),1338
Mujer,14.0,0-18,Pareja,1339
Mujer,7.0,0-18,Hermano(a),1340
Hombre,91.0,61+,Pareja,1341
Hombre,83.0,61+,Otro no pariente,1342
Hombre,69.0,61+,Hijo(a),1343
Mujer,34.0,31-60,Suegro(a),1344
Mujer,27.0,19-30,Suegro(a),1345
Mujer,57.0,31-60,Yerno/Nuera,1346
Hombre,62.0,61+,Yerno/Nuera,1347
Mujer,50.0,31-60,Suegro(a),1348
Hombre,35.0,31-60,Padre/Madre,1349
Hombre,51.0,31-60,Yerno/Nuera,1350
Mujer,43.0,31-60,Yerno/Nuera,1351
Hombre,81.0,61+,Otro pariente,1352
Mujer,32.0,31-60,Suegro(a),1353
Mujer,28.0,19-30,Empleado doméstico,1354
Hombre,7.0,0-18,Parientes servicio doméstico,1355
Hombre,48.0,31-60,Trabajador,1356
Hombre,79.0,61+,Otro pariente,1357
Mujer,98.0,61+,Jefe(a) del hogar,1358
Hombre,55.0,31-60,Pensionista,1359
Hombre,18.0,0-18,Pensionista,1360
Mujer,11.0,0-18,Pensionista,1361
Hombre,60.0,31-60,Empleado doméstico,1362
Mujer,39.0,31-60,Otro pariente,1363
Mujer,82.0,61+,Hermano(a),1364
Mujer,68.0,61+,Hijo(a),1365
Hombre,93.0,61+,Padre/Madre,1366
Mujer,89.0,61+,Pareja,1367
Mujer,39.0,31-60,Suegro(a),1368
Mujer,80.0,61+,Otro pariente,1369
Mujer,59.0,31-60,Otro no pariente,1370
Mujer,79.0,61+,Hermano(a),1371
Hombre,62.0,61+,Otro pariente,1372
Mujer,4.0,0-18,Otro no pariente,1373
Mujer,90.0,61+,Otro pariente,1374
Hombre,63.0,61+,Yerno/Nuera,1375
Hombre,23.0,19-30,Suegro(a),1376
Hombre,71.0,61+,Padre/Madre,1377
Mujer,96.0,61+,Jefe(a) del hogar,1378
Hombre,99.0,61+,Jefe(a) del hogar,1379
Mujer,36.0,31-60,Nieto(a),1380
Mujer,58.0,31-60,Otro pariente,1381
Hombre,60.0,31-60,Trabajador,1382
Mujer,77.0,61+,Otro no pariente,1383
Hombre,44.0,31-60,Hermano(a),1384
Mujer,96.0,61+,Otro pariente,1385
Mujer,71.0,61+,Hijo(a),1386
Mujer,98.0,61+,Padre/Madre,1387
Mujer,5.0,0-18,Padre/Madre,1388
Mujer,13.0,0-18,Yerno/Nuera,1389
Hombre,92.0,61+,Suegro(a),1390
Mujer,46.0,31-60,Trabajador,1391
Hombre,31.0,31-60,Pensionista,1392
Hombre,50.0,31-60,Otro pariente,1393
Mujer,29.0,19-30,Suegro(a),1394
Mujer,70.0,61+,Suegro(a),1395
Mujer,94.0,61+,Otro pariente,1396
Mujer,52.0,31-60,Pensionista,1397
Hombre,64.0,61+,Trabajador,1398
Mujer,70.0,61+,Otro pariente,1399
Mujer,44.0,31-60,Otro no pariente,1400
Hombre,53.0,31-60,Otro no pariente,1401
Hombre,68.0,61+,Yerno/Nuera,1402
Hombre,27.0,19-30,Otro no pariente,1403
Hombre,32.0,31-60,Trabajador,1404
Mujer,43.0,31-60,Padre/Madre,1405
Mujer,32.0,31-60,Otro no pariente,1406
Hombre,75.0,61+,Otro pariente,1407
Mujer,45.0,31-60,Padre/Madre,1408
Mujer,100.0,61+,Jefe(a) del hogar,1409
Mujer,67.0,61+,Otro pariente,1410
Mujer,75.0,61+,Otro pariente,1411
Hombre,4.0,0-18,Parientes servicio doméstico,1412
Hombre,43.0,31-60,Otro no pariente,1413
Mujer,90.0,61+,Suegro(a),1414
Hombre,42.0,31-60,Nieto(a),1415
Mujer,87.0,61+,Otro no pariente,1416
Mujer,60.0,31-60,Empleado doméstico,1417
Hombre,33.0,31-60,Trabajador,1418
Mujer,49.0,31-60,Otro pariente,1419
Hombre,75.0,61+,Suegro(a),1420
Hombre,77.0,61+,Yerno/Nuera,1421
Mujer,64.0,61+,Otro pariente,1422
Hombre,70.0,61+,Hijo(a),1423
Mujer,50.0,31-60,Otro no pariente,1424
Hombre,46.0,31-60,Otro no pariente,1425
Hombre,31.0,31-60,Trabajador,1426
Mujer,33.0,31-60,Empleado doméstico,1427
Mujer,93.0,61+,Hermano(a),1428
Hombre,36.0,31-60,Hermano(a),1429
Mujer,92.0,61+,Pareja,1430
Mujer,31.0,31-60,Nieto(a),1431
Hombre,58.0,31-60,Yerno/Nuera,1432
Mujer,14.0,0-18,Yerno/Nuera,1433
Hombre,69.0,61+,Suegro(a),1434
Mujer,29.0,19-30,Empleado doméstico,1435
Mujer,81.0,61+,Otro pariente,1436
Mujer,89.0,61+,Otro no pariente,1437
Hombre,56.0,31-60,Otro no pariente,1438
Mujer,59.0,31-60,Empleado doméstico,1439
Mujer,81.0,61+,Hermano(a),1440
Mujer,72.0,61+,Otro no pariente,1441
Mujer,15.0,0-18,Jefe(a) del hogar,1442
Hombre,73.0,61+,Trabajador,1443
Mujer,44.0,31-60,Suegro(a),1444
Hombre,6.0,0-18,Parientes servicio doméstico,1445
Hombre,9.0,0-18,Hermano(a),1446
Hombre,41.0,31-60,Suegro(a),1447
Hombre,93.0,61+,Pareja,1448
Hombre,85.0,61+,Hermano(a),1449
Mujer,50.0,31-60,Parientes servicio doméstico,1450
Mujer,25.0,19-30,Pensionista,1451
Mujer,35.0,31-60,Nieto(a),1452
Mujer,80.0,61+,Yerno/Nuera,1453
Mujer,50.0,31-60,Yerno/Nuera,1454
Mujer,13.0,0-18,Padre/Madre,1455
Hombre,27.0,19-30,Trabajador,1456
Hombre,53.0,31-60,Trabajador,1457
Mujer,0.0,0-18,Padre/Madre,1458
Hombre,70.0,61+,Padre/Madre,1459
Mujer,83.0,61+,Otro no pariente,1460
Hombre,48.0,31-60,Otro no pariente,1461
Mujer,36.0,31-60,Otro no pariente,1462
Mujer,62.0,61+,Trabajador,1463
Hombre,43.0,31-60,Nieto(a),1464
Hombre,23.0,19-30,Pensionista,1465
Mujer,36.0,31-60,Otro pariente,1466
Mujer,61.0,61+,Empleado doméstico,1467
Hombre,53.0,31-60,Padre/Madre,1468
Mujer,102.0,61+,Padre/Madre,1469
Hombre,101.0,61+,Jefe(a) del hogar,1470
Mujer,93.0,61+,Pareja,1471
Hombre,77.0,61+,Otro pariente,1472
Hombre,69.0,61+,Otro pariente,1473
Hombre,66.0,61+,Otro pariente,1474
Hombre,50.0,31-60,Yerno/Nuera,1475
Hombre,54.0,31-60,Nieto(a),1476
Hombre,86.0,61+,Suegro(a),1477
Hombre,95.0,61+,Pareja,1478
Mujer,68.0,61+,Otro pariente,1479
Hombre,14.0,0-18,Jefe(a) del hogar,1480
Mujer,103.0,61+,Padre/Madre,1481
Hombre,19.0,19-30,Trabajador,1482
Mujer,62.0,61+,Empleado doméstico,1483
Mujer,12.0,0-18,Suegro(a),1484
Mujer,102.0,61+,Suegro(a),1485
Hombre,42.0,31-60,Padre/Madre,1486
Hombre,6.0,0-18,Hermano(a),1487
Hombre,78.0,61+,Yerno/Nuera,1488
Mujer,52.0,31-60,Yerno/Nuera,1489
Hombre,43.0,31-60,Trabajador,1490
Mujer,17.0,0-18,Empleado doméstico,1491
Mujer,24.0,19-30,Padre/Madre,1492
Hombre,22.0,19-30,Padre/Madre,1493
Mujer,48.0,31-60,Trabajador,1494
Hombre,13.0,0-18,Parientes servicio doméstico,1495
Hombre,53.0,31-60,Otro pariente,1496
Hombre,34.0,31-60,Trabajador,1497
Mujer,82.0,61+,Otro no pariente,1498
Mujer,46.0,31-60,Empleado doméstico,1499
Mujer,65.0,61+,Otro no pariente,1500
Hombre,88.0,61+,Suegro(a),1501
Hombre,91.0,61+,Suegro(a),1502
Hombre,104.0,61+,Padre/Madre,1503
Mujer,18.0,0-18,Empleado doméstico,1504
Hombre,98.0,61+,Padre/Madre,1505
Mujer,59.0,31-60,Suegro(a),1506
Hombre,59.0,31-60,Trabajador,1507
Hombre,95.0,61+,Padre/Madre,1508
Mujer,88.0,61+,Hermano(a),1509
Mujer,104.0,61+,Padre/Madre,1510
Mujer,51.0,31-60,Pensionista,1511
Hombre,63.0,61+,Pensionista,1512
Mujer,54.0,31-60,Otro pariente,1513
Hombre,28.0,19-30,Trabajador,1514
Hombre,16.0,0-18,Trabajador,1515
Mujer,79.0,61+,Yerno/Nuera,1516
Mujer,65.0,61+,Suegro(a),1517
Hombre,66.0,61+,Suegro(a),1518
Mujer,100.0,61+,Padre/Madre,1519
Hombre,48.0,31-60,Yerno/Nuera,1520
Hombre,4.0,0-18,Hermano(a),1521
Hombre,104.0,61+,Jefe(a) del hogar,1522
Mujer,48.0,31-60,Suegro(a),1523
Hombre,37.0,31-60,Padre/Madre,1524
Hombre,68.0,61+,Trabajador,1525
Hombre,45.0,31-60,Trabajador,1526
Hombre,59.0,31-60,Otro no pariente,1527
Mujer,37.0,31-60,Padre/Madre,1528
Hombre,101.0,61+,Padre/Madre,1529
Mujer,96.0,61+,Hermano(a),1530
Hombre,31.0,31-60,Suegro(a),1531
Mujer,67.0,61+,Otro no pariente,1532
Mujer,69.0,61+,Hijo(a),1533
Hombre,56.0,31-60,Trabajador,1534
Mujer,102.0,61+,Otro pariente,1535
Mujer,88.0,61+,Otro pariente,1536
Hombre,58.0,31-60,Suegro(a),1537
Hombre,63.0,61+,Suegro(a),1538
Mujer,89.0,61+,Otro pariente,1539
Hombre,82.0,61+,Trabajador,1540
Hombre,79.0,61+,Trabajador,1541
Hombre,70.0,61+,Trabajador,1542
Hombre,66.0,61+,Yerno/Nuera,1543
Mujer,25.0,19-30,Suegro(a),1544
Hombre,60.0,31-60,Yerno/Nuera,1545
Hombre,55.0,31-60,Empleado doméstico,1546
Mujer,70.0,61+,Empleado doméstico,1547
Mujer,104.0,61+,Jefe(a) del hogar,1548
Mujer,76.0,61+,Empleado doméstico,1549
Mujer,47.0,31-60,Yerno/Nuera,1550
Hombre,92.0,61+,Otro pariente,1551
Hombre,84.0,61+,Suegro(a),1552
Hombre,30.0,19-30,Parientes servicio doméstico,1553
Hombre,3.0,0-18,Parientes servicio doméstico,1554
Mujer,56.0,31-60,Otro no pariente,1555
Hombre,93.0,61+,Otro pariente,1556
Mujer,51.0,31-60,Nieto(a),1557
Hombre,32.0,31-60,Padre/Madre,1558
Mujer,29.0,19-30,Otro no pariente,1559
Mujer,27.0,19-30,Empleado doméstico,1560
Mujer,55.0,31-60,Yerno/Nuera,1561
Hombre,103.0,61+,Suegro(a),1562
Mujer,63.0,61+,Otro pariente,1563
Mujer,28.0,19-30,Suegro(a),1564
Mujer,57.0,31-60,Trabajador,1565
Mujer,62.0,61+,Yerno/Nuera,1566
Hombre,83.0,61+,Suegro(a),1567
Mujer,3.0,0-18,Hermano(a),1568
Mujer,55.0,31-60,Suegro(a),1569
Mujer,19.0,19-30,Trabajador,1570
Hombre,46.0,31-60,Suegro(a),1571
Mujer,47.0,31-60,Suegro(a),1572
Hombre,97.0,61+,Suegro(a),1573
Hombre,87.0,61+,Otro pariente,1574
Hombre,54.0,31-60,Pensionista,1575
Mujer,44.0,31-60,Hermano(a),1576
Mujer,67.0,61+,Suegro(a),1577
Hombre,26.0,19-30,Trabajador,1578
Hombre,100.0,61+,Jefe(a) del hogar,1579
Hombre,50.0,31-60,Trabajador,1580
Hombre,85.0,61+,Suegro(a),1581
Mujer,18.0,0-18,Pensionista,1582
Hombre,61.0,61+,Suegro(a),1583
Mujer,33.0,31-60,Parientes servicio doméstico,1584
Mujer,95.0,61+,Suegro(a),1585
Mujer,100.0,61+,Otro pariente,1586
Mujer,44.0,31-60,Trabajador,1587
Hombre,5.0,0-18,Hermano(a),1588
Hombre,92.0,61+,Hermano(a),1589
Mujer,79.0,61+,Otro no pariente,1590
Hombre,94.0,61+,Suegro(a),1591
Hombre,38.0,31-60,Suegro(a),1592
Mujer,26.0,19-30,Suegro(a),1593
Mujer,86.0,61+,Hermano(a),1594
Mujer,75.0,61+,Hijo(a),1595
Hombre,47.0,31-60,Nieto(a),1596
Mujer,84.0,61+,Otro no pariente,1597
Mujer,69.0,61+,Otro no pariente,1598
Hombre,55.0,31-60,Trabajador,1599
Hombre,85.0,61+,Otro pariente,1600
Hombre,103.0,61+,Padre/Madre,1601
Hombre,72.0,61+,Trabajador,1602
Hombre,45.0,31-60,Nieto(a),1603
Hombre,44.0,31-60,Padre/Madre,1604
Hombre,79.0,61+,Hijo(a),1605
Mujer,101.0,61+,Jefe(a) del hogar,1606
Mujer,69.0,61+,Nieto(a),1607
Mujer,45.0,31-60,Nieto(a),1608
Hombre,98.0,61+,Pareja,1609
Hombre,78.0,61+,Otro pariente,1610
Hombre,67.0,61+,Otro no pariente,1611
Mujer,4.0,0-18,Hermano(a),1612
Mujer,90.0,61+,Hermano(a),1613
Hombre,74.0,61+,Hijo(a),1614
Hombre,77.0,61+,Hijo(a),1615
Mujer,73.0,61+,Otro no pariente,1616
Mujer,38.0,31-60,Padre/Madre,1617
Hombre,18.0,0-18,Suegro(a),1618
Mujer,85.0,61+,Otro no pariente,1619
Hombre,96.0,61+,Padre/Madre,1620
Hombre,46.0,31-60,Nieto(a),1621
Mujer,52.0,31-60,Otro pariente,1622
Hombre,50.0,31-60,Nieto(a),1623
Mujer,45.0,31-60,Suegro(a),1624
Mujer,58.0,31-60,Yerno/Nuera,1625
Hombre,47.0,31-60,Parientes servicio doméstico,1626
Mujer,9.0,0-18,Empleado doméstico,1627
Hombre,62.0,61+,Empleado doméstico,1628
Mujer,92.0,61+,Otro pariente,1629
Mujer,61.0,61+,Yerno/Nuera,1630
Hombre,40.0,31-60,Trabajador,1631
Hombre,66.0,61+,Trabajador,1632
Hombre,40.0,31-60,Pensionista,1633
Hombre,98.0,61+,Hermano(a),1634
Mujer,38.0,31-60,Nieto(a),1635
Mujer,50.0,31-60,Empleado doméstico,1636
Mujer,78.0,61+,Otro no pariente,1637
Hombre,69.0,61+,Pensionista,1638
Mujer,32.0,31-60,Empleado doméstico,1639
Mujer,78.0,61+,Empleado doméstico,1640
Mujer,91.0,61+,Otro no pariente,1641
Hombre,83.0,61+,Otro pariente,1642
Hombre,47.0,31-60,Padre/Madre,1643
Mujer,31.0,31-60,Empleado doméstico,1644
Mujer,28.0,19-30,Pensionista,1645
Mujer,76.0,61+,Yerno/Nuera,1646
Hombre,41.0,31-60,Padre/Madre,1647
Hombre,45.0,31-60,Suegro(a),1648
Mujer,71.0,61+,Otro no pariente,1649
Mujer,37.0,31-60,Trabajador,1650
Mujer,88.0,61+,Otro no pariente,1651
Hombre,64.0,61+,Yerno/Nuera,1652
Hombre,84.0,61+,Otro no pariente,1653
Mujer,68.0,61+,Yerno/Nuera,1654
Hombre,36.0,31-60,Empleado doméstico,1655
Hombre,94.0,61+,Otro pariente,1656
Mujer,40.0,31-60,Nieto(a),1657
Mujer,42.0,31-60,Otro no pariente,1658
Hombre,42.0,31-60,Trabajador,1659
Mujer,101.0,61+,Otro pariente,1660
Mujer,10.0,0-18,Pensionista,1661
Hombre,1.0,0-18,Pensionista,1662
Hombre,56.0,31-60,Suegro(a),1663
Hombre,52.0,31-60,Empleado doméstico,1664
Mujer,23.0,19-30,Parientes servicio doméstico,1665
Hombre,44.0,31-60,Nieto(a),1666
Hombre,96.0,61+,Pareja,1667
Hombre,72.0,61+,Hijo(a),1668
Mujer,63.0,61+,Empleado doméstico,1669
Mujer,60.0,31-60,Yerno/Nuera,1670
Hombre,62.0,61+,Trabajador,1671
Hombre,67.0,61+,Yerno/Nuera,1672
Mujer,75.0,61+,Yerno/Nuera,1673
Hombre,72.0,61+,Yerno/Nuera,1674
Mujer,63.0,61+,Yerno/Nuera,1675
Hombre,15.0,0-18,Yerno/Nuera,1676
Mujer,98.0,61+,Suegro(a),1677
Hombre,87.0,61+,Hermano(a),1678
Mujer,26.0,19-30,Empleado doméstico,1679
Hombre,69.0,61+,Yerno/Nuera,1680
Hombre,93.0,61+,Suegro(a),1681
Hombre,37.0,31-60,Trabajador,1682
Mujer,57.0,31-60,Empleado doméstico,1683
Mujer,48.0,31-60,Otro no pariente,1684
Mujer,44.0,31-60,Nieto(a),1685
Mujer,59.0,31-60,Yerno/Nuera,1686
Hombre,89.0,61+,Otro no pariente,1687
Mujer,40.0,31-60,Otro no pariente,1688
Hombre,77.0,61+,Otro no pariente,1689
Mujer,45.0,31-60,Otro no pariente,1690
Mujer,35.0,31-60,Trabajador,1691
Hombre,91.0,61+,Hermano(a),1692
Hombre,32.0,31-60,Pensionista,1693
Hombre,53.0,31-60,Suegro(a),1694
Hombre,73.0,61+,Yerno/Nuera,1695
Mujer,100.0,61+,Yerno/Nuera,1696
Mujer,99.0,61+,Suegro(a),1697
Mujer,19.0,19-30,Pensionista,1698
Hombre,55.0,31-60,Suegro(a),1699
Mujer,5.0,0-18,Empleado doméstico,1700
Mujer,30.0,19-30,Empleado doméstico,1701
Hombre,35.0,31-60,Empleado doméstico,1702
Hombre,94.0,61+,Pareja,1703
Hombre,45.0,31-60,Padre/Madre,1704
Mujer,56.0,31-60,Trabajador,1705
Hombre,93.0,61+,Hermano(a),1706
Mujer,50.0,31-60,Pensionista,1707
Hombre,74.0,61+,Trabajador,1708
Hombre,46.0,31-60,Padre/Madre,1709
Mujer,99.0,61+,Otro pariente,1710
Hombre,48.0,31-60,Padre/Madre,1711
Mujer,36.0,31-60,Empleado doméstico,1712
Mujer,72.0,61+,Empleado doméstico,1713
Mujer,30.0,19-30,Pensionista,1714
Hombre,60.0,31-60,Parientes servicio doméstico,1715
Mujer,95.0,61+,Otro no pariente,1716
Hombre,79.0,61+,Otro no pariente,1717
Hombre,89.0,61+,Otro pariente,1718
Mujer,34.0,31-60,Empleado doméstico,1719
Mujer,64.0,61+,Empleado doméstico,1720
Hombre,71.0,61+,Hijo(a),1721
Hombre,20.0,19-30,Trabajador,1722
Mujer,18.0,0-18,Trabajador,1723
Mujer,41.0,31-60,Empleado doméstico,1724
Mujer,97.0,61+,Otro pariente,1725
Mujer,52.0,31-60,Empleado doméstico,1726
Hombre,57.0,31-60,Nieto(a),1727
Mujer,46.0,31-60,Nieto(a),1728
Hombre,95.0,61+,Otro pariente,1729
Hombre,15.0,0-18,Empleado doméstico,1730
Mujer,63.0,61+,Parientes servicio doméstico,1731
Mujer,102.0,61+,Jefe(a) del hogar,1732
Hombre,74.0,61+,Yerno/Nuera,1733
Hombre,23.0,19-30,Trabajador,1734
Hombre,90.0,61+,Hermano(a),1735
Mujer,55.0,31-60,Trabajador,1736
Mujer,71.0,61+,Yerno/Nuera,1737
Mujer,97.0,61+,Pareja,1738
Hombre,17.0,0-18,Pensionista,1739
Hombre,36.0,31-60,Padre/Madre,1740
Hombre,21.0,19-30,Suegro(a),1741
Mujer,74.0,61+,Hijo(a),1742
Hombre,51.0,31-60,Suegro(a),1743
Mujer,57.0,31-60,Nieto(a),1744
Hombre,95.0,61+,Otro no pariente,1745
Hombre,57.0,31-60,Suegro(a),1746
Hombre,30.0,19-30,Pensionista,1747
Mujer,37.0,31-60,Suegro(a),1748
Mujer,99.0,61+,Otro no pariente,1749
Mujer,81.0,61+,Otro no pariente,1750
Hombre,52.0,31-60,Suegro(a),1751
Hombre,50.0,31-60,Suegro(a),1752
Mujer,6.0,0-18,Parientes servicio doméstico,1753
Hombre,94.0,61+,Hijo(a),1754
Mujer,26.0,19-30,Parientes servicio doméstico,1755
Mujer,75.0,61+,Empleado doméstico,1756
Hombre,32.0,31-60,Parientes servicio doméstico,1757
Hombre,39.0,31-60,Pensionista,1758
Mujer,65.0,61+,Empleado doméstico,1759
Hombre,103.0,61+,Jefe(a) del hogar,1760
Hombre,99.0,61+,Suegro(a),1761
Hombre,87.0,61+,Otro no pariente,1762
Mujer,67.0,61+,Empleado doméstico,1763
Mujer,83.0,61+,Yerno/Nuera,1764
Hombre,42.0,31-60,Pensionista,1765
Mujer,13.0,0-18,Pareja,1766
Mujer,98.0,61+,Otro pariente,1767
Mujer,24.0,19-30,Suegro(a),1768
Mujer,9.0,0-18,Yerno/Nuera,1769
Hombre,77.0,61+,Trabajador,1770
Hombre,24.0,19-30,Trabajador,1771
Mujer,3.0,0-18,Parientes servicio doméstico,1772
Mujer,84.0,61+,Hijo(a),1773
Hombre,29.0,19-30,Pensionista,1774
Mujer,98.0,61+,Pareja,1775
Mujer,92.0,61+,Hermano(a),1776
Hombre,99.0,61+,Hijo(a),1777
Mujer,79.0,61+,Nieto(a),1778
Hombre,91.0,61+,Otro no pariente,1779
Mujer,36.0,31-60,Trabajador,1780
Hombre,61.0,61+,Pensionista,1781
Mujer,94.0,61+,Pareja,1782
Hombre,17.0,0-18,Padre/Madre,1783
Mujer,33.0,31-60,Suegro(a),1784
Hombre,46.0,31-60,Pensionista,1785
Hombre,50.0,31-60,Pensionista,1786
Mujer,61.0,61+,Pensionista,1787
Hombre,41.0,31-60,Pensionista,1788
Hombre,52.0,31-60,Trabajador,1789
Hombre,15.0,0-18,Pensionista,1790
Hombre,49.0,31-60,Pensionista,1791
Mujer,71.0,61+,Empleado doméstico,1792
Hombre,27.0,19-30,Padre/Madre,1793
Hombre,95.0,61+,Suegro(a),1794
Mujer,72.0,61+,Yerno/Nuera,1795
Hombre,25.0,19-30,Suegro(a),1796
Mujer,64.0,61+,Parientes servicio doméstico,1797
Mujer,38.0,31-60,Suegro(a),1798
Mujer,68.0,61+,Empleado doméstico,1799
Mujer,93.0,61+,Otro no pariente,1800
Hombre,65.0,61+,Trabajador,1801
Hombre,33.0,31-60,Pensionista,1802
Mujer,9.0,0-18,Padre/Madre,1803
Hombre,35.0,31-60,Trabajador,1804
Mujer,38.0,31-60,Pensionista,1805
Mujer,70.0,61+,Yerno/Nuera,1806
Hombre,24.0,19-30,Empleado doméstico,1807
Mujer,48.0,31-60,Nieto(a),1808
Mujer,44.0,31-60,Pensionista,1809
Hombre,38.0,31-60,Padre/Madre,1810
Mujer,86.0,61+,Hijo(a),1811
Hombre,91.0,61+,Otro pariente,1812
Mujer,94.0,61+,Otro no pariente,1813
Mujer,41.0,31-60,Suegro(a),1814
Hombre,99.0,61+,Otro pariente,1815
Mujer,26.0,19-30,Pensionista,1816
Mujer,103.0,61+,Jefe(a) del hogar,1817
Mujer,96.0,61+,Pareja,1818
Hombre,22.0,19-30,Pensionista,1819
Hombre,56.0,31-60,Pensionista,1820
Hombre,37.0,31-60,Empleado doméstico,1821
Hombre,44.0,31-60,Suegro(a),1822
Mujer,20.0,19-30,Suegro(a),1823
Mujer,104.0,61+,Suegro(a),1824
Mujer,89.0,61+,Hermano(a),1825
Hombre,36.0,31-60,Suegro(a),1826
Mujer,94.0,61+,Hijo(a),1827
Mujer,43.0,31-60,Trabajador,1828
Mujer,84.0,61+,Yerno/Nuera,1829
Mujer,33.0,31-60,Trabajador,1830
Mujer,50.0,31-60,Nieto(a),1831
Mujer,14.0,0-18,Jefe(a) del hogar,1832
Hombre,48.0,31-60,Suegro(a),1833
Mujer,56.0,31-60,Yerno/Nuera,1834
Mujer,99.0,61+,Yerno/Nuera,1835
Hombre,2.0,0-18,Parientes servicio doméstico,1836
Hombre,23.0,19-30,Parientes servicio doméstico,1837
Mujer,106.0,61+,Padre/Madre,1838
Hombre,76.0,61+,Hijo(a),1839
Mujer,109.0,61+,Padre/Madre,1840
Hombre,51.0,31-60,Pensionista,1841
Hombre,75.0,61+,Yerno/Nuera,1842
Mujer,31.0,31-60,Trabajador,1843
Hombre,51.0,31-60,Nieto(a),1844
Hombre,39.0,31-60,Padre/Madre,1845
Hombre,22.0,19-30,Suegro(a),1846
Mujer,53.0,31-60,Nieto(a),1847
Mujer,50.0,31-60,Trabajador,1848
Hombre,105.0,61+,Jefe(a) del hogar,1849
Mujer,100.0,61+,Hermano(a),1850
Mujer,95.0,61+,Hermano(a),1851
Hombre,28.0,19-30,Suegro(a),1852
Hombre,14.0,0-18,Yerno/Nuera,1853
Mujer,9.0,0-18,Pensionista,1854
Hombre,97.0,61+,Pareja,1855
Mujer,77.0,61+,Hijo(a),1856
Hombre,49.0,31-60,Nieto(a),1857
Mujer,61.0,61+,Trabajador,1858
Hombre,20.0,19-30,Parientes servicio doméstico,1859
Hombre,96.0,61+,Hermano(a),1860
Hombre,33.0,31-60,Empleado doméstico,1861
Mujer,23.0,19-30,Suegro(a),1862
Hombre,82.0,61+,Yerno/Nuera,1863
Hombre,95.0,61+,Hermano(a),1864
Hombre,11.0,0-18,Yerno/Nuera,1865
Hombre,1.0,0-18,Hermano(a),1866
Mujer,12.0,0-18,Parientes servicio doméstico,1867
Hombre,27.0,19-30,Pensionista,1868
Hombre,57.0,31-60,Trabajador,1869
Mujer,53.0,31-60,Pensionista,1870
Hombre,59.0,31-60,Suegro(a),1871
Mujer,24.0,19-30,Parientes servicio doméstico,1872
Mujer,21.0,19-30,Trabajador,1873
Mujer,31.0,31-60,Pensionista,1874
Hombre,15.0,0-18,Parientes servicio doméstico,1875
Mujer,21.0,19-30,Suegro(a),1876
Hombre,71.0,61+,Yerno/Nuera,1877
Mujer,47.0,31-60,Nieto(a),1878
Hombre,47.0,31-60,Suegro(a),1879
Mujer,43.0,31-60,Suegro(a),1880
Mujer,79.0,61+,Hijo(a),1881
Mujer,81.0,61+,Yerno/Nuera,1882
Hombre,34.0,31-60,Padre/Madre,1883
Mujer,84.0,61+,Empleado doméstico,1884
Mujer,16.0,0-18,Suegro(a),1885
Mujer,69.0,61+,Yerno/Nuera,1886
Mujer,99.0,61+,Hermano(a),1887
Hombre,99.0,61+,Hermano(a),1888
Mujer,95.0,61+,Pareja,1889
Hombre,96.0,61+,Suegro(a),1890
Hombre,94.0,61+,Hermano(a),1891
Hombre,83.0,61+,Pensionista,1892
Mujer,88.0,61+,Nieto(a),1893
Hombre,43.0,31-60,Suegro(a),1894
Mujer,94.0,61+,Hermano(a),1895
Mujer,92.0,61+,Otro no pariente,1896
Hombre,106.0,61+,Jefe(a) del hogar,1897
Mujer,79.0,61+,Empleado doméstico,1898
Hombre,30.0,19-30,Padre/Madre,1899
Hombre,25.0,19-30,Empleado doméstico,1900
Hombre,103.0,61+,Hijo(a),1901
Hombre,49.0,31-60,Empleado doméstico,1902
Hombre,78.0,61+,Pensionista,1903
Mujer,22.0,19-30,Suegro(a),1904
Hombre,104.0,61+,Suegro(a),1905
Hombre,94.0,61+,Otro no pariente,1906
Hombre,42.0,31-60,Suegro(a),1907
Mujer,85.0,61+,Nieto(a),1908
Hombre,26.0,19-30,Parientes servicio doméstico,1909
Mujer,29.0,19-30,Padre/Madre,1910
